cal_date,454_year,454_qtr,454_month,454_week,cal_year,cal_qtr,cal_month_number,cal_month_name,cal_day_of_month_number,cal_week,cal_day_of_week,cal_day_of_week_number
2014-01-01,2014,1,1,1,2014,Q1,1,JAN,1,1,WEDNESDAY,4
2014-01-02,2014,1,1,1,2014,Q1,1,JAN,2,1,THURSDAY,5
2014-01-03,2014,1,1,1,2014,Q1,1,JAN,3,1,FRIDAY,6
2014-01-04,2014,1,1,1,2014,Q1,1,JAN,4,1,SATURDAY,7
2014-01-05,2014,1,1,2,2014,Q1,1,JAN,5,1,SUNDAY,1
2014-01-06,2014,1,1,2,2014,Q1,1,JAN,6,1,MONDAY,2
2014-01-07,2014,1,1,2,2014,Q1,1,JAN,7,1,TUESDAY,3
2014-01-08,2014,1,1,2,2014,Q1,1,JAN,8,2,WEDNESDAY,4
2014-01-09,2014,1,1,2,2014,Q1,1,JAN,9,2,THURSDAY,5
2014-01-10,2014,1,1,2,2014,Q1,1,JAN,10,2,FRIDAY,6
2014-01-11,2014,1,1,2,2014,Q1,1,JAN,11,2,SATURDAY,7
2014-01-12,2014,1,1,3,2014,Q1,1,JAN,12,2,SUNDAY,1
2014-01-13,2014,1,1,3,2014,Q1,1,JAN,13,2,MONDAY,2
2014-01-14,2014,1,1,3,2014,Q1,1,JAN,14,2,TUESDAY,3
2014-01-15,2014,1,1,3,2014,Q1,1,JAN,15,3,WEDNESDAY,4
2014-01-16,2014,1,1,3,2014,Q1,1,JAN,16,3,THURSDAY,5
2014-01-17,2014,1,1,3,2014,Q1,1,JAN,17,3,FRIDAY,6
2014-01-18,2014,1,1,3,2014,Q1,1,JAN,18,3,SATURDAY,7
2014-01-19,2014,1,1,4,2014,Q1,1,JAN,19,3,SUNDAY,1
2014-01-20,2014,1,1,4,2014,Q1,1,JAN,20,3,MONDAY,2
2014-01-21,2014,1,1,4,2014,Q1,1,JAN,21,3,TUESDAY,3
2014-01-22,2014,1,1,4,2014,Q1,1,JAN,22,4,WEDNESDAY,4
2014-01-23,2014,1,1,4,2014,Q1,1,JAN,23,4,THURSDAY,5
2014-01-24,2014,1,1,4,2014,Q1,1,JAN,24,4,FRIDAY,6
2014-01-25,2014,1,1,4,2014,Q1,1,JAN,25,4,SATURDAY,7
2014-01-26,2014,1,2,5,2014,Q1,1,JAN,26,4,SUNDAY,1
2014-01-27,2014,1,2,5,2014,Q1,1,JAN,27,4,MONDAY,2
2014-01-28,2014,1,2,5,2014,Q1,1,JAN,28,4,TUESDAY,3
2014-01-29,2014,1,2,5,2014,Q1,1,JAN,29,5,WEDNESDAY,4
2014-01-30,2014,1,2,5,2014,Q1,1,JAN,30,5,THURSDAY,5
2014-01-31,2014,1,2,5,2014,Q1,1,JAN,31,5,FRIDAY,6
2014-02-01,2014,1,2,5,2014,Q1,2,FEB,1,5,SATURDAY,7
2014-02-02,2014,1,2,6,2014,Q1,2,FEB,2,5,SUNDAY,1
2014-02-03,2014,1,2,6,2014,Q1,2,FEB,3,5,MONDAY,2
2014-02-04,2014,1,2,6,2014,Q1,2,FEB,4,5,TUESDAY,3
2014-02-05,2014,1,2,6,2014,Q1,2,FEB,5,6,WEDNESDAY,4
2014-02-06,2014,1,2,6,2014,Q1,2,FEB,6,6,THURSDAY,5
2014-02-07,2014,1,2,6,2014,Q1,2,FEB,7,6,FRIDAY,6
2014-02-08,2014,1,2,6,2014,Q1,2,FEB,8,6,SATURDAY,7
2014-02-09,2014,1,2,7,2014,Q1,2,FEB,9,6,SUNDAY,1
2014-02-10,2014,1,2,7,2014,Q1,2,FEB,10,6,MONDAY,2
2014-02-11,2014,1,2,7,2014,Q1,2,FEB,11,6,TUESDAY,3
2014-02-12,2014,1,2,7,2014,Q1,2,FEB,12,7,WEDNESDAY,4
2014-02-13,2014,1,2,7,2014,Q1,2,FEB,13,7,THURSDAY,5
2014-02-14,2014,1,2,7,2014,Q1,2,FEB,14,7,FRIDAY,6
2014-02-15,2014,1,2,7,2014,Q1,2,FEB,15,7,SATURDAY,7
2014-02-16,2014,1,2,8,2014,Q1,2,FEB,16,7,SUNDAY,1
2014-02-17,2014,1,2,8,2014,Q1,2,FEB,17,7,MONDAY,2
2014-02-18,2014,1,2,8,2014,Q1,2,FEB,18,7,TUESDAY,3
2014-02-19,2014,1,2,8,2014,Q1,2,FEB,19,8,WEDNESDAY,4
2014-02-20,2014,1,2,8,2014,Q1,2,FEB,20,8,THURSDAY,5
2014-02-21,2014,1,2,8,2014,Q1,2,FEB,21,8,FRIDAY,6
2014-02-22,2014,1,2,8,2014,Q1,2,FEB,22,8,SATURDAY,7
2014-02-23,2014,1,2,9,2014,Q1,2,FEB,23,8,SUNDAY,1
2014-02-24,2014,1,2,9,2014,Q1,2,FEB,24,8,MONDAY,2
2014-02-25,2014,1,2,9,2014,Q1,2,FEB,25,8,TUESDAY,3
2014-02-26,2014,1,2,9,2014,Q1,2,FEB,26,9,WEDNESDAY,4
2014-02-27,2014,1,2,9,2014,Q1,2,FEB,27,9,THURSDAY,5
2014-02-28,2014,1,2,9,2014,Q1,2,FEB,28,9,FRIDAY,6
2014-03-01,2014,1,2,9,2014,Q1,3,MAR,1,9,SATURDAY,7
2014-03-02,2014,1,3,10,2014,Q1,3,MAR,2,9,SUNDAY,1
2014-03-03,2014,1,3,10,2014,Q1,3,MAR,3,9,MONDAY,2
2014-03-04,2014,1,3,10,2014,Q1,3,MAR,4,9,TUESDAY,3
2014-03-05,2014,1,3,10,2014,Q1,3,MAR,5,10,WEDNESDAY,4
2014-03-06,2014,1,3,10,2014,Q1,3,MAR,6,10,THURSDAY,5
2014-03-07,2014,1,3,10,2014,Q1,3,MAR,7,10,FRIDAY,6
2014-03-08,2014,1,3,10,2014,Q1,3,MAR,8,10,SATURDAY,7
2014-03-09,2014,1,3,11,2014,Q1,3,MAR,9,10,SUNDAY,1
2014-03-10,2014,1,3,11,2014,Q1,3,MAR,10,10,MONDAY,2
2014-03-11,2014,1,3,11,2014,Q1,3,MAR,11,10,TUESDAY,3
2014-03-12,2014,1,3,11,2014,Q1,3,MAR,12,11,WEDNESDAY,4
2014-03-13,2014,1,3,11,2014,Q1,3,MAR,13,11,THURSDAY,5
2014-03-14,2014,1,3,11,2014,Q1,3,MAR,14,11,FRIDAY,6
2014-03-15,2014,1,3,11,2014,Q1,3,MAR,15,11,SATURDAY,7
2014-03-16,2014,1,3,12,2014,Q1,3,MAR,16,11,SUNDAY,1
2014-03-17,2014,1,3,12,2014,Q1,3,MAR,17,11,MONDAY,2
2014-03-18,2014,1,3,12,2014,Q1,3,MAR,18,11,TUESDAY,3
2014-03-19,2014,1,3,12,2014,Q1,3,MAR,19,12,WEDNESDAY,4
2014-03-20,2014,1,3,12,2014,Q1,3,MAR,20,12,THURSDAY,5
2014-03-21,2014,1,3,12,2014,Q1,3,MAR,21,12,FRIDAY,6
2014-03-22,2014,1,3,12,2014,Q1,3,MAR,22,12,SATURDAY,7
2014-03-23,2014,1,3,13,2014,Q1,3,MAR,23,12,SUNDAY,1
2014-03-24,2014,1,3,13,2014,Q1,3,MAR,24,12,MONDAY,2
2014-03-25,2014,1,3,13,2014,Q1,3,MAR,25,12,TUESDAY,3
2014-03-26,2014,1,3,13,2014,Q1,3,MAR,26,13,WEDNESDAY,4
2014-03-27,2014,1,3,13,2014,Q1,3,MAR,27,13,THURSDAY,5
2014-03-28,2014,1,3,13,2014,Q1,3,MAR,28,13,FRIDAY,6
2014-03-29,2014,1,3,13,2014,Q1,3,MAR,29,13,SATURDAY,7
2014-03-30,2014,2,4,14,2014,Q1,3,MAR,30,13,SUNDAY,1
2014-03-31,2014,2,4,14,2014,Q1,3,MAR,31,13,MONDAY,2
2014-04-01,2014,2,4,14,2014,Q2,4,APR,1,13,TUESDAY,3
2014-04-02,2014,2,4,14,2014,Q2,4,APR,2,14,WEDNESDAY,4
2014-04-03,2014,2,4,14,2014,Q2,4,APR,3,14,THURSDAY,5
2014-04-04,2014,2,4,14,2014,Q2,4,APR,4,14,FRIDAY,6
2014-04-05,2014,2,4,14,2014,Q2,4,APR,5,14,SATURDAY,7
2014-04-06,2014,2,4,15,2014,Q2,4,APR,6,14,SUNDAY,1
2014-04-07,2014,2,4,15,2014,Q2,4,APR,7,14,MONDAY,2
2014-04-08,2014,2,4,15,2014,Q2,4,APR,8,14,TUESDAY,3
2014-04-09,2014,2,4,15,2014,Q2,4,APR,9,15,WEDNESDAY,4
2014-04-10,2014,2,4,15,2014,Q2,4,APR,10,15,THURSDAY,5
2014-04-11,2014,2,4,15,2014,Q2,4,APR,11,15,FRIDAY,6
2014-04-12,2014,2,4,15,2014,Q2,4,APR,12,15,SATURDAY,7
2014-04-13,2014,2,4,16,2014,Q2,4,APR,13,15,SUNDAY,1
2014-04-14,2014,2,4,16,2014,Q2,4,APR,14,15,MONDAY,2
2014-04-15,2014,2,4,16,2014,Q2,4,APR,15,15,TUESDAY,3
2014-04-16,2014,2,4,16,2014,Q2,4,APR,16,16,WEDNESDAY,4
2014-04-17,2014,2,4,16,2014,Q2,4,APR,17,16,THURSDAY,5
2014-04-18,2014,2,4,16,2014,Q2,4,APR,18,16,FRIDAY,6
2014-04-19,2014,2,4,16,2014,Q2,4,APR,19,16,SATURDAY,7
2014-04-20,2014,2,4,17,2014,Q2,4,APR,20,16,SUNDAY,1
2014-04-21,2014,2,4,17,2014,Q2,4,APR,21,16,MONDAY,2
2014-04-22,2014,2,4,17,2014,Q2,4,APR,22,16,TUESDAY,3
2014-04-23,2014,2,4,17,2014,Q2,4,APR,23,17,WEDNESDAY,4
2014-04-24,2014,2,4,17,2014,Q2,4,APR,24,17,THURSDAY,5
2014-04-25,2014,2,4,17,2014,Q2,4,APR,25,17,FRIDAY,6
2014-04-26,2014,2,4,17,2014,Q2,4,APR,26,17,SATURDAY,7
2014-04-27,2014,2,5,18,2014,Q2,4,APR,27,17,SUNDAY,1
2014-04-28,2014,2,5,18,2014,Q2,4,APR,28,17,MONDAY,2
2014-04-29,2014,2,5,18,2014,Q2,4,APR,29,17,TUESDAY,3
2014-04-30,2014,2,5,18,2014,Q2,4,APR,30,18,WEDNESDAY,4
2014-05-01,2014,2,5,18,2014,Q2,5,MAY,1,18,THURSDAY,5
2014-05-02,2014,2,5,18,2014,Q2,5,MAY,2,18,FRIDAY,6
2014-05-03,2014,2,5,18,2014,Q2,5,MAY,3,18,SATURDAY,7
2014-05-04,2014,2,5,19,2014,Q2,5,MAY,4,18,SUNDAY,1
2014-05-05,2014,2,5,19,2014,Q2,5,MAY,5,18,MONDAY,2
2014-05-06,2014,2,5,19,2014,Q2,5,MAY,6,18,TUESDAY,3
2014-05-07,2014,2,5,19,2014,Q2,5,MAY,7,19,WEDNESDAY,4
2014-05-08,2014,2,5,19,2014,Q2,5,MAY,8,19,THURSDAY,5
2014-05-09,2014,2,5,19,2014,Q2,5,MAY,9,19,FRIDAY,6
2014-05-10,2014,2,5,19,2014,Q2,5,MAY,10,19,SATURDAY,7
2014-05-11,2014,2,5,20,2014,Q2,5,MAY,11,19,SUNDAY,1
2014-05-12,2014,2,5,20,2014,Q2,5,MAY,12,19,MONDAY,2
2014-05-13,2014,2,5,20,2014,Q2,5,MAY,13,19,TUESDAY,3
2014-05-14,2014,2,5,20,2014,Q2,5,MAY,14,20,WEDNESDAY,4
2014-05-15,2014,2,5,20,2014,Q2,5,MAY,15,20,THURSDAY,5
2014-05-16,2014,2,5,20,2014,Q2,5,MAY,16,20,FRIDAY,6
2014-05-17,2014,2,5,20,2014,Q2,5,MAY,17,20,SATURDAY,7
2014-05-18,2014,2,5,21,2014,Q2,5,MAY,18,20,SUNDAY,1
2014-05-19,2014,2,5,21,2014,Q2,5,MAY,19,20,MONDAY,2
2014-05-20,2014,2,5,21,2014,Q2,5,MAY,20,20,TUESDAY,3
2014-05-21,2014,2,5,21,2014,Q2,5,MAY,21,21,WEDNESDAY,4
2014-05-22,2014,2,5,21,2014,Q2,5,MAY,22,21,THURSDAY,5
2014-05-23,2014,2,5,21,2014,Q2,5,MAY,23,21,FRIDAY,6
2014-05-24,2014,2,5,21,2014,Q2,5,MAY,24,21,SATURDAY,7
2014-05-25,2014,2,5,22,2014,Q2,5,MAY,25,21,SUNDAY,1
2014-05-26,2014,2,5,22,2014,Q2,5,MAY,26,21,MONDAY,2
2014-05-27,2014,2,5,22,2014,Q2,5,MAY,27,21,TUESDAY,3
2014-05-28,2014,2,5,22,2014,Q2,5,MAY,28,22,WEDNESDAY,4
2014-05-29,2014,2,5,22,2014,Q2,5,MAY,29,22,THURSDAY,5
2014-05-30,2014,2,5,22,2014,Q2,5,MAY,30,22,FRIDAY,6
2014-05-31,2014,2,5,22,2014,Q2,5,MAY,31,22,SATURDAY,7
2014-06-01,2014,2,6,23,2014,Q2,6,JUN,1,22,SUNDAY,1
2014-06-02,2014,2,6,23,2014,Q2,6,JUN,2,22,MONDAY,2
2014-06-03,2014,2,6,23,2014,Q2,6,JUN,3,22,TUESDAY,3
2014-06-04,2014,2,6,23,2014,Q2,6,JUN,4,23,WEDNESDAY,4
2014-06-05,2014,2,6,23,2014,Q2,6,JUN,5,23,THURSDAY,5
2014-06-06,2014,2,6,23,2014,Q2,6,JUN,6,23,FRIDAY,6
2014-06-07,2014,2,6,23,2014,Q2,6,JUN,7,23,SATURDAY,7
2014-06-08,2014,2,6,24,2014,Q2,6,JUN,8,23,SUNDAY,1
2014-06-09,2014,2,6,24,2014,Q2,6,JUN,9,23,MONDAY,2
2014-06-10,2014,2,6,24,2014,Q2,6,JUN,10,23,TUESDAY,3
2014-06-11,2014,2,6,24,2014,Q2,6,JUN,11,24,WEDNESDAY,4
2014-06-12,2014,2,6,24,2014,Q2,6,JUN,12,24,THURSDAY,5
2014-06-13,2014,2,6,24,2014,Q2,6,JUN,13,24,FRIDAY,6
2014-06-14,2014,2,6,24,2014,Q2,6,JUN,14,24,SATURDAY,7
2014-06-15,2014,2,6,25,2014,Q2,6,JUN,15,24,SUNDAY,1
2014-06-16,2014,2,6,25,2014,Q2,6,JUN,16,24,MONDAY,2
2014-06-17,2014,2,6,25,2014,Q2,6,JUN,17,24,TUESDAY,3
2014-06-18,2014,2,6,25,2014,Q2,6,JUN,18,25,WEDNESDAY,4
2014-06-19,2014,2,6,25,2014,Q2,6,JUN,19,25,THURSDAY,5
2014-06-20,2014,2,6,25,2014,Q2,6,JUN,20,25,FRIDAY,6
2014-06-21,2014,2,6,25,2014,Q2,6,JUN,21,25,SATURDAY,7
2014-06-22,2014,2,6,26,2014,Q2,6,JUN,22,25,SUNDAY,1
2014-06-23,2014,2,6,26,2014,Q2,6,JUN,23,25,MONDAY,2
2014-06-24,2014,2,6,26,2014,Q2,6,JUN,24,25,TUESDAY,3
2014-06-25,2014,2,6,26,2014,Q2,6,JUN,25,26,WEDNESDAY,4
2014-06-26,2014,2,6,26,2014,Q2,6,JUN,26,26,THURSDAY,5
2014-06-27,2014,2,6,26,2014,Q2,6,JUN,27,26,FRIDAY,6
2014-06-28,2014,2,6,26,2014,Q2,6,JUN,28,26,SATURDAY,7
2014-06-29,2014,3,7,27,2014,Q2,6,JUN,29,26,SUNDAY,1
2014-06-30,2014,3,7,27,2014,Q2,6,JUN,30,26,MONDAY,2
2014-07-01,2014,3,7,27,2014,Q3,7,JUL,1,26,TUESDAY,3
2014-07-02,2014,3,7,27,2014,Q3,7,JUL,2,27,WEDNESDAY,4
2014-07-03,2014,3,7,27,2014,Q3,7,JUL,3,27,THURSDAY,5
2014-07-04,2014,3,7,27,2014,Q3,7,JUL,4,27,FRIDAY,6
2014-07-05,2014,3,7,27,2014,Q3,7,JUL,5,27,SATURDAY,7
2014-07-06,2014,3,7,28,2014,Q3,7,JUL,6,27,SUNDAY,1
2014-07-07,2014,3,7,28,2014,Q3,7,JUL,7,27,MONDAY,2
2014-07-08,2014,3,7,28,2014,Q3,7,JUL,8,27,TUESDAY,3
2014-07-09,2014,3,7,28,2014,Q3,7,JUL,9,28,WEDNESDAY,4
2014-07-10,2014,3,7,28,2014,Q3,7,JUL,10,28,THURSDAY,5
2014-07-11,2014,3,7,28,2014,Q3,7,JUL,11,28,FRIDAY,6
2014-07-12,2014,3,7,28,2014,Q3,7,JUL,12,28,SATURDAY,7
2014-07-13,2014,3,7,29,2014,Q3,7,JUL,13,28,SUNDAY,1
2014-07-14,2014,3,7,29,2014,Q3,7,JUL,14,28,MONDAY,2
2014-07-15,2014,3,7,29,2014,Q3,7,JUL,15,28,TUESDAY,3
2014-07-16,2014,3,7,29,2014,Q3,7,JUL,16,29,WEDNESDAY,4
2014-07-17,2014,3,7,29,2014,Q3,7,JUL,17,29,THURSDAY,5
2014-07-18,2014,3,7,29,2014,Q3,7,JUL,18,29,FRIDAY,6
2014-07-19,2014,3,7,29,2014,Q3,7,JUL,19,29,SATURDAY,7
2014-07-20,2014,3,7,30,2014,Q3,7,JUL,20,29,SUNDAY,1
2014-07-21,2014,3,7,30,2014,Q3,7,JUL,21,29,MONDAY,2
2014-07-22,2014,3,7,30,2014,Q3,7,JUL,22,29,TUESDAY,3
2014-07-23,2014,3,7,30,2014,Q3,7,JUL,23,30,WEDNESDAY,4
2014-07-24,2014,3,7,30,2014,Q3,7,JUL,24,30,THURSDAY,5
2014-07-25,2014,3,7,30,2014,Q3,7,JUL,25,30,FRIDAY,6
2014-07-26,2014,3,7,30,2014,Q3,7,JUL,26,30,SATURDAY,7
2014-07-27,2014,3,8,31,2014,Q3,7,JUL,27,30,SUNDAY,1
2014-07-28,2014,3,8,31,2014,Q3,7,JUL,28,30,MONDAY,2
2014-07-29,2014,3,8,31,2014,Q3,7,JUL,29,30,TUESDAY,3
2014-07-30,2014,3,8,31,2014,Q3,7,JUL,30,31,WEDNESDAY,4
2014-07-31,2014,3,8,31,2014,Q3,7,JUL,31,31,THURSDAY,5
2014-08-01,2014,3,8,31,2014,Q3,8,AUG,1,31,FRIDAY,6
2014-08-02,2014,3,8,31,2014,Q3,8,AUG,2,31,SATURDAY,7
2014-08-03,2014,3,8,32,2014,Q3,8,AUG,3,31,SUNDAY,1
2014-08-04,2014,3,8,32,2014,Q3,8,AUG,4,31,MONDAY,2
2014-08-05,2014,3,8,32,2014,Q3,8,AUG,5,31,TUESDAY,3
2014-08-06,2014,3,8,32,2014,Q3,8,AUG,6,32,WEDNESDAY,4
2014-08-07,2014,3,8,32,2014,Q3,8,AUG,7,32,THURSDAY,5
2014-08-08,2014,3,8,32,2014,Q3,8,AUG,8,32,FRIDAY,6
2014-08-09,2014,3,8,32,2014,Q3,8,AUG,9,32,SATURDAY,7
2014-08-10,2014,3,8,33,2014,Q3,8,AUG,10,32,SUNDAY,1
2014-08-11,2014,3,8,33,2014,Q3,8,AUG,11,32,MONDAY,2
2014-08-12,2014,3,8,33,2014,Q3,8,AUG,12,32,TUESDAY,3
2014-08-13,2014,3,8,33,2014,Q3,8,AUG,13,33,WEDNESDAY,4
2014-08-14,2014,3,8,33,2014,Q3,8,AUG,14,33,THURSDAY,5
2014-08-15,2014,3,8,33,2014,Q3,8,AUG,15,33,FRIDAY,6
2014-08-16,2014,3,8,33,2014,Q3,8,AUG,16,33,SATURDAY,7
2014-08-17,2014,3,8,34,2014,Q3,8,AUG,17,33,SUNDAY,1
2014-08-18,2014,3,8,34,2014,Q3,8,AUG,18,33,MONDAY,2
2014-08-19,2014,3,8,34,2014,Q3,8,AUG,19,33,TUESDAY,3
2014-08-20,2014,3,8,34,2014,Q3,8,AUG,20,34,WEDNESDAY,4
2014-08-21,2014,3,8,34,2014,Q3,8,AUG,21,34,THURSDAY,5
2014-08-22,2014,3,8,34,2014,Q3,8,AUG,22,34,FRIDAY,6
2014-08-23,2014,3,8,34,2014,Q3,8,AUG,23,34,SATURDAY,7
2014-08-24,2014,3,8,35,2014,Q3,8,AUG,24,34,SUNDAY,1
2014-08-25,2014,3,8,35,2014,Q3,8,AUG,25,34,MONDAY,2
2014-08-26,2014,3,8,35,2014,Q3,8,AUG,26,34,TUESDAY,3
2014-08-27,2014,3,8,35,2014,Q3,8,AUG,27,35,WEDNESDAY,4
2014-08-28,2014,3,8,35,2014,Q3,8,AUG,28,35,THURSDAY,5
2014-08-29,2014,3,8,35,2014,Q3,8,AUG,29,35,FRIDAY,6
2014-08-30,2014,3,8,35,2014,Q3,8,AUG,30,35,SATURDAY,7
2014-08-31,2014,3,9,36,2014,Q3,8,AUG,31,35,SUNDAY,1
2014-09-01,2014,3,9,36,2014,Q3,9,SEP,1,35,MONDAY,2
2014-09-02,2014,3,9,36,2014,Q3,9,SEP,2,35,TUESDAY,3
2014-09-03,2014,3,9,36,2014,Q3,9,SEP,3,36,WEDNESDAY,4
2014-09-04,2014,3,9,36,2014,Q3,9,SEP,4,36,THURSDAY,5
2014-09-05,2014,3,9,36,2014,Q3,9,SEP,5,36,FRIDAY,6
2014-09-06,2014,3,9,36,2014,Q3,9,SEP,6,36,SATURDAY,7
2014-09-07,2014,3,9,37,2014,Q3,9,SEP,7,36,SUNDAY,1
2014-09-08,2014,3,9,37,2014,Q3,9,SEP,8,36,MONDAY,2
2014-09-09,2014,3,9,37,2014,Q3,9,SEP,9,36,TUESDAY,3
2014-09-10,2014,3,9,37,2014,Q3,9,SEP,10,37,WEDNESDAY,4
2014-09-11,2014,3,9,37,2014,Q3,9,SEP,11,37,THURSDAY,5
2014-09-12,2014,3,9,37,2014,Q3,9,SEP,12,37,FRIDAY,6
2014-09-13,2014,3,9,37,2014,Q3,9,SEP,13,37,SATURDAY,7
2014-09-14,2014,3,9,38,2014,Q3,9,SEP,14,37,SUNDAY,1
2014-09-15,2014,3,9,38,2014,Q3,9,SEP,15,37,MONDAY,2
2014-09-16,2014,3,9,38,2014,Q3,9,SEP,16,37,TUESDAY,3
2014-09-17,2014,3,9,38,2014,Q3,9,SEP,17,38,WEDNESDAY,4
2014-09-18,2014,3,9,38,2014,Q3,9,SEP,18,38,THURSDAY,5
2014-09-19,2014,3,9,38,2014,Q3,9,SEP,19,38,FRIDAY,6
2014-09-20,2014,3,9,38,2014,Q3,9,SEP,20,38,SATURDAY,7
2014-09-21,2014,3,9,39,2014,Q3,9,SEP,21,38,SUNDAY,1
2014-09-22,2014,3,9,39,2014,Q3,9,SEP,22,38,MONDAY,2
2014-09-23,2014,3,9,39,2014,Q3,9,SEP,23,38,TUESDAY,3
2014-09-24,2014,3,9,39,2014,Q3,9,SEP,24,39,WEDNESDAY,4
2014-09-25,2014,3,9,39,2014,Q3,9,SEP,25,39,THURSDAY,5
2014-09-26,2014,3,9,39,2014,Q3,9,SEP,26,39,FRIDAY,6
2014-09-27,2014,3,9,39,2014,Q3,9,SEP,27,39,SATURDAY,7
2014-09-28,2014,4,10,40,2014,Q3,9,SEP,28,39,SUNDAY,1
2014-09-29,2014,4,10,40,2014,Q3,9,SEP,29,39,MONDAY,2
2014-09-30,2014,4,10,40,2014,Q3,9,SEP,30,39,TUESDAY,3
2014-10-01,2014,4,10,40,2014,Q4,10,OCT,1,40,WEDNESDAY,4
2014-10-02,2014,4,10,40,2014,Q4,10,OCT,2,40,THURSDAY,5
2014-10-03,2014,4,10,40,2014,Q4,10,OCT,3,40,FRIDAY,6
2014-10-04,2014,4,10,40,2014,Q4,10,OCT,4,40,SATURDAY,7
2014-10-05,2014,4,10,41,2014,Q4,10,OCT,5,40,SUNDAY,1
2014-10-06,2014,4,10,41,2014,Q4,10,OCT,6,40,MONDAY,2
2014-10-07,2014,4,10,41,2014,Q4,10,OCT,7,40,TUESDAY,3
2014-10-08,2014,4,10,41,2014,Q4,10,OCT,8,41,WEDNESDAY,4
2014-10-09,2014,4,10,41,2014,Q4,10,OCT,9,41,THURSDAY,5
2014-10-10,2014,4,10,41,2014,Q4,10,OCT,10,41,FRIDAY,6
2014-10-11,2014,4,10,41,2014,Q4,10,OCT,11,41,SATURDAY,7
2014-10-12,2014,4,10,42,2014,Q4,10,OCT,12,41,SUNDAY,1
2014-10-13,2014,4,10,42,2014,Q4,10,OCT,13,41,MONDAY,2
2014-10-14,2014,4,10,42,2014,Q4,10,OCT,14,41,TUESDAY,3
2014-10-15,2014,4,10,42,2014,Q4,10,OCT,15,42,WEDNESDAY,4
2014-10-16,2014,4,10,42,2014,Q4,10,OCT,16,42,THURSDAY,5
2014-10-17,2014,4,10,42,2014,Q4,10,OCT,17,42,FRIDAY,6
2014-10-18,2014,4,10,42,2014,Q4,10,OCT,18,42,SATURDAY,7
2014-10-19,2014,4,10,43,2014,Q4,10,OCT,19,42,SUNDAY,1
2014-10-20,2014,4,10,43,2014,Q4,10,OCT,20,42,MONDAY,2
2014-10-21,2014,4,10,43,2014,Q4,10,OCT,21,42,TUESDAY,3
2014-10-22,2014,4,10,43,2014,Q4,10,OCT,22,43,WEDNESDAY,4
2014-10-23,2014,4,10,43,2014,Q4,10,OCT,23,43,THURSDAY,5
2014-10-24,2014,4,10,43,2014,Q4,10,OCT,24,43,FRIDAY,6
2014-10-25,2014,4,10,43,2014,Q4,10,OCT,25,43,SATURDAY,7
2014-10-26,2014,4,11,44,2014,Q4,10,OCT,26,43,SUNDAY,1
2014-10-27,2014,4,11,44,2014,Q4,10,OCT,27,43,MONDAY,2
2014-10-28,2014,4,11,44,2014,Q4,10,OCT,28,43,TUESDAY,3
2014-10-29,2014,4,11,44,2014,Q4,10,OCT,29,44,WEDNESDAY,4
2014-10-30,2014,4,11,44,2014,Q4,10,OCT,30,44,THURSDAY,5
2014-10-31,2014,4,11,44,2014,Q4,10,OCT,31,44,FRIDAY,6
2014-11-01,2014,4,11,44,2014,Q4,11,NOV,1,44,SATURDAY,7
2014-11-02,2014,4,11,45,2014,Q4,11,NOV,2,44,SUNDAY,1
2014-11-03,2014,4,11,45,2014,Q4,11,NOV,3,44,MONDAY,2
2014-11-04,2014,4,11,45,2014,Q4,11,NOV,4,44,TUESDAY,3
2014-11-05,2014,4,11,45,2014,Q4,11,NOV,5,45,WEDNESDAY,4
2014-11-06,2014,4,11,45,2014,Q4,11,NOV,6,45,THURSDAY,5
2014-11-07,2014,4,11,45,2014,Q4,11,NOV,7,45,FRIDAY,6
2014-11-08,2014,4,11,45,2014,Q4,11,NOV,8,45,SATURDAY,7
2014-11-09,2014,4,11,46,2014,Q4,11,NOV,9,45,SUNDAY,1
2014-11-10,2014,4,11,46,2014,Q4,11,NOV,10,45,MONDAY,2
2014-11-11,2014,4,11,46,2014,Q4,11,NOV,11,45,TUESDAY,3
2014-11-12,2014,4,11,46,2014,Q4,11,NOV,12,46,WEDNESDAY,4
2014-11-13,2014,4,11,46,2014,Q4,11,NOV,13,46,THURSDAY,5
2014-11-14,2014,4,11,46,2014,Q4,11,NOV,14,46,FRIDAY,6
2014-11-15,2014,4,11,46,2014,Q4,11,NOV,15,46,SATURDAY,7
2014-11-16,2014,4,11,47,2014,Q4,11,NOV,16,46,SUNDAY,1
2014-11-17,2014,4,11,47,2014,Q4,11,NOV,17,46,MONDAY,2
2014-11-18,2014,4,11,47,2014,Q4,11,NOV,18,46,TUESDAY,3
2014-11-19,2014,4,11,47,2014,Q4,11,NOV,19,47,WEDNESDAY,4
2014-11-20,2014,4,11,47,2014,Q4,11,NOV,20,47,THURSDAY,5
2014-11-21,2014,4,11,47,2014,Q4,11,NOV,21,47,FRIDAY,6
2014-11-22,2014,4,11,47,2014,Q4,11,NOV,22,47,SATURDAY,7
2014-11-23,2014,4,11,48,2014,Q4,11,NOV,23,47,SUNDAY,1
2014-11-24,2014,4,11,48,2014,Q4,11,NOV,24,47,MONDAY,2
2014-11-25,2014,4,11,48,2014,Q4,11,NOV,25,47,TUESDAY,3
2014-11-26,2014,4,11,48,2014,Q4,11,NOV,26,48,WEDNESDAY,4
2014-11-27,2014,4,11,48,2014,Q4,11,NOV,27,48,THURSDAY,5
2014-11-28,2014,4,11,48,2014,Q4,11,NOV,28,48,FRIDAY,6
2014-11-29,2014,4,11,48,2014,Q4,11,NOV,29,48,SATURDAY,7
2014-11-30,2014,4,12,49,2014,Q4,11,NOV,30,48,SUNDAY,1
2014-12-01,2014,4,12,49,2014,Q4,12,DEC,1,48,MONDAY,2
2014-12-02,2014,4,12,49,2014,Q4,12,DEC,2,48,TUESDAY,3
2014-12-03,2014,4,12,49,2014,Q4,12,DEC,3,49,WEDNESDAY,4
2014-12-04,2014,4,12,49,2014,Q4,12,DEC,4,49,THURSDAY,5
2014-12-05,2014,4,12,49,2014,Q4,12,DEC,5,49,FRIDAY,6
2014-12-06,2014,4,12,49,2014,Q4,12,DEC,6,49,SATURDAY,7
2014-12-07,2014,4,12,50,2014,Q4,12,DEC,7,49,SUNDAY,1
2014-12-08,2014,4,12,50,2014,Q4,12,DEC,8,49,MONDAY,2
2014-12-09,2014,4,12,50,2014,Q4,12,DEC,9,49,TUESDAY,3
2014-12-10,2014,4,12,50,2014,Q4,12,DEC,10,50,WEDNESDAY,4
2014-12-11,2014,4,12,50,2014,Q4,12,DEC,11,50,THURSDAY,5
2014-12-12,2014,4,12,50,2014,Q4,12,DEC,12,50,FRIDAY,6
2014-12-13,2014,4,12,50,2014,Q4,12,DEC,13,50,SATURDAY,7
2014-12-14,2014,4,12,51,2014,Q4,12,DEC,14,50,SUNDAY,1
2014-12-15,2014,4,12,51,2014,Q4,12,DEC,15,50,MONDAY,2
2014-12-16,2014,4,12,51,2014,Q4,12,DEC,16,50,TUESDAY,3
2014-12-17,2014,4,12,51,2014,Q4,12,DEC,17,51,WEDNESDAY,4
2014-12-18,2014,4,12,51,2014,Q4,12,DEC,18,51,THURSDAY,5
2014-12-19,2014,4,12,51,2014,Q4,12,DEC,19,51,FRIDAY,6
2014-12-20,2014,4,12,51,2014,Q4,12,DEC,20,51,SATURDAY,7
2014-12-21,2014,4,12,52,2014,Q4,12,DEC,21,51,SUNDAY,1
2014-12-22,2014,4,12,52,2014,Q4,12,DEC,22,51,MONDAY,2
2014-12-23,2014,4,12,52,2014,Q4,12,DEC,23,51,TUESDAY,3
2014-12-24,2014,4,12,52,2014,Q4,12,DEC,24,52,WEDNESDAY,4
2014-12-25,2014,4,12,52,2014,Q4,12,DEC,25,52,THURSDAY,5
2014-12-26,2014,4,12,52,2014,Q4,12,DEC,26,52,FRIDAY,6
2014-12-27,2014,4,12,52,2014,Q4,12,DEC,27,52,SATURDAY,7
2014-12-28,2015,1,1,1,2014,Q4,12,DEC,28,52,SUNDAY,1
2014-12-29,2015,1,1,1,2014,Q4,12,DEC,29,52,MONDAY,2
2014-12-30,2015,1,1,1,2014,Q4,12,DEC,30,52,TUESDAY,3
2014-12-31,2015,1,1,1,2014,Q4,12,DEC,31,53,WEDNESDAY,4
2015-01-01,2015,1,1,1,2015,Q1,1,JAN,1,1,THURSDAY,5
2015-01-02,2015,1,1,1,2015,Q1,1,JAN,2,1,FRIDAY,6
2015-01-03,2015,1,1,1,2015,Q1,1,JAN,3,1,SATURDAY,7
2015-01-04,2015,1,1,2,2015,Q1,1,JAN,4,1,SUNDAY,1
2015-01-05,2015,1,1,2,2015,Q1,1,JAN,5,1,MONDAY,2
2015-01-06,2015,1,1,2,2015,Q1,1,JAN,6,1,TUESDAY,3
2015-01-07,2015,1,1,2,2015,Q1,1,JAN,7,1,WEDNESDAY,4
2015-01-08,2015,1,1,2,2015,Q1,1,JAN,8,2,THURSDAY,5
2015-01-09,2015,1,1,2,2015,Q1,1,JAN,9,2,FRIDAY,6
2015-01-10,2015,1,1,2,2015,Q1,1,JAN,10,2,SATURDAY,7
2015-01-11,2015,1,1,3,2015,Q1,1,JAN,11,2,SUNDAY,1
2015-01-12,2015,1,1,3,2015,Q1,1,JAN,12,2,MONDAY,2
2015-01-13,2015,1,1,3,2015,Q1,1,JAN,13,2,TUESDAY,3
2015-01-14,2015,1,1,3,2015,Q1,1,JAN,14,2,WEDNESDAY,4
2015-01-15,2015,1,1,3,2015,Q1,1,JAN,15,3,THURSDAY,5
2015-01-16,2015,1,1,3,2015,Q1,1,JAN,16,3,FRIDAY,6
2015-01-17,2015,1,1,3,2015,Q1,1,JAN,17,3,SATURDAY,7
2015-01-18,2015,1,1,4,2015,Q1,1,JAN,18,3,SUNDAY,1
2015-01-19,2015,1,1,4,2015,Q1,1,JAN,19,3,MONDAY,2
2015-01-20,2015,1,1,4,2015,Q1,1,JAN,20,3,TUESDAY,3
2015-01-21,2015,1,1,4,2015,Q1,1,JAN,21,3,WEDNESDAY,4
2015-01-22,2015,1,1,4,2015,Q1,1,JAN,22,4,THURSDAY,5
2015-01-23,2015,1,1,4,2015,Q1,1,JAN,23,4,FRIDAY,6
2015-01-24,2015,1,1,4,2015,Q1,1,JAN,24,4,SATURDAY,7
2015-01-25,2015,1,2,5,2015,Q1,1,JAN,25,4,SUNDAY,1
2015-01-26,2015,1,2,5,2015,Q1,1,JAN,26,4,MONDAY,2
2015-01-27,2015,1,2,5,2015,Q1,1,JAN,27,4,TUESDAY,3
2015-01-28,2015,1,2,5,2015,Q1,1,JAN,28,4,WEDNESDAY,4
2015-01-29,2015,1,2,5,2015,Q1,1,JAN,29,5,THURSDAY,5
2015-01-30,2015,1,2,5,2015,Q1,1,JAN,30,5,FRIDAY,6
2015-01-31,2015,1,2,5,2015,Q1,1,JAN,31,5,SATURDAY,7
2015-02-01,2015,1,2,6,2015,Q1,2,FEB,1,5,SUNDAY,1
2015-02-02,2015,1,2,6,2015,Q1,2,FEB,2,5,MONDAY,2
2015-02-03,2015,1,2,6,2015,Q1,2,FEB,3,5,TUESDAY,3
2015-02-04,2015,1,2,6,2015,Q1,2,FEB,4,5,WEDNESDAY,4
2015-02-05,2015,1,2,6,2015,Q1,2,FEB,5,6,THURSDAY,5
2015-02-06,2015,1,2,6,2015,Q1,2,FEB,6,6,FRIDAY,6
2015-02-07,2015,1,2,6,2015,Q1,2,FEB,7,6,SATURDAY,7
2015-02-08,2015,1,2,7,2015,Q1,2,FEB,8,6,SUNDAY,1
2015-02-09,2015,1,2,7,2015,Q1,2,FEB,9,6,MONDAY,2
2015-02-10,2015,1,2,7,2015,Q1,2,FEB,10,6,TUESDAY,3
2015-02-11,2015,1,2,7,2015,Q1,2,FEB,11,6,WEDNESDAY,4
2015-02-12,2015,1,2,7,2015,Q1,2,FEB,12,7,THURSDAY,5
2015-02-13,2015,1,2,7,2015,Q1,2,FEB,13,7,FRIDAY,6
2015-02-14,2015,1,2,7,2015,Q1,2,FEB,14,7,SATURDAY,7
2015-02-15,2015,1,2,8,2015,Q1,2,FEB,15,7,SUNDAY,1
2015-02-16,2015,1,2,8,2015,Q1,2,FEB,16,7,MONDAY,2
2015-02-17,2015,1,2,8,2015,Q1,2,FEB,17,7,TUESDAY,3
2015-02-18,2015,1,2,8,2015,Q1,2,FEB,18,7,WEDNESDAY,4
2015-02-19,2015,1,2,8,2015,Q1,2,FEB,19,8,THURSDAY,5
2015-02-20,2015,1,2,8,2015,Q1,2,FEB,20,8,FRIDAY,6
2015-02-21,2015,1,2,8,2015,Q1,2,FEB,21,8,SATURDAY,7
2015-02-22,2015,1,2,9,2015,Q1,2,FEB,22,8,SUNDAY,1
2015-02-23,2015,1,2,9,2015,Q1,2,FEB,23,8,MONDAY,2
2015-02-24,2015,1,2,9,2015,Q1,2,FEB,24,8,TUESDAY,3
2015-02-25,2015,1,2,9,2015,Q1,2,FEB,25,8,WEDNESDAY,4
2015-02-26,2015,1,2,9,2015,Q1,2,FEB,26,9,THURSDAY,5
2015-02-27,2015,1,2,9,2015,Q1,2,FEB,27,9,FRIDAY,6
2015-02-28,2015,1,2,9,2015,Q1,2,FEB,28,9,SATURDAY,7
2015-03-01,2015,1,3,10,2015,Q1,3,MAR,1,9,SUNDAY,1
2015-03-02,2015,1,3,10,2015,Q1,3,MAR,2,9,MONDAY,2
2015-03-03,2015,1,3,10,2015,Q1,3,MAR,3,9,TUESDAY,3
2015-03-04,2015,1,3,10,2015,Q1,3,MAR,4,9,WEDNESDAY,4
2015-03-05,2015,1,3,10,2015,Q1,3,MAR,5,10,THURSDAY,5
2015-03-06,2015,1,3,10,2015,Q1,3,MAR,6,10,FRIDAY,6
2015-03-07,2015,1,3,10,2015,Q1,3,MAR,7,10,SATURDAY,7
2015-03-08,2015,1,3,11,2015,Q1,3,MAR,8,10,SUNDAY,1
2015-03-09,2015,1,3,11,2015,Q1,3,MAR,9,10,MONDAY,2
2015-03-10,2015,1,3,11,2015,Q1,3,MAR,10,10,TUESDAY,3
2015-03-11,2015,1,3,11,2015,Q1,3,MAR,11,10,WEDNESDAY,4
2015-03-12,2015,1,3,11,2015,Q1,3,MAR,12,11,THURSDAY,5
2015-03-13,2015,1,3,11,2015,Q1,3,MAR,13,11,FRIDAY,6
2015-03-14,2015,1,3,11,2015,Q1,3,MAR,14,11,SATURDAY,7
2015-03-15,2015,1,3,12,2015,Q1,3,MAR,15,11,SUNDAY,1
2015-03-16,2015,1,3,12,2015,Q1,3,MAR,16,11,MONDAY,2
2015-03-17,2015,1,3,12,2015,Q1,3,MAR,17,11,TUESDAY,3
2015-03-18,2015,1,3,12,2015,Q1,3,MAR,18,11,WEDNESDAY,4
2015-03-19,2015,1,3,12,2015,Q1,3,MAR,19,12,THURSDAY,5
2015-03-20,2015,1,3,12,2015,Q1,3,MAR,20,12,FRIDAY,6
2015-03-21,2015,1,3,12,2015,Q1,3,MAR,21,12,SATURDAY,7
2015-03-22,2015,1,3,13,2015,Q1,3,MAR,22,12,SUNDAY,1
2015-03-23,2015,1,3,13,2015,Q1,3,MAR,23,12,MONDAY,2
2015-03-24,2015,1,3,13,2015,Q1,3,MAR,24,12,TUESDAY,3
2015-03-25,2015,1,3,13,2015,Q1,3,MAR,25,12,WEDNESDAY,4
2015-03-26,2015,1,3,13,2015,Q1,3,MAR,26,13,THURSDAY,5
2015-03-27,2015,1,3,13,2015,Q1,3,MAR,27,13,FRIDAY,6
2015-03-28,2015,1,3,13,2015,Q1,3,MAR,28,13,SATURDAY,7
2015-03-29,2015,2,4,14,2015,Q1,3,MAR,29,13,SUNDAY,1
2015-03-30,2015,2,4,14,2015,Q1,3,MAR,30,13,MONDAY,2
2015-03-31,2015,2,4,14,2015,Q1,3,MAR,31,13,TUESDAY,3
2015-04-01,2015,2,4,14,2015,Q2,4,APR,1,13,WEDNESDAY,4
2015-04-02,2015,2,4,14,2015,Q2,4,APR,2,14,THURSDAY,5
2015-04-03,2015,2,4,14,2015,Q2,4,APR,3,14,FRIDAY,6
2015-04-04,2015,2,4,14,2015,Q2,4,APR,4,14,SATURDAY,7
2015-04-05,2015,2,4,15,2015,Q2,4,APR,5,14,SUNDAY,1
2015-04-06,2015,2,4,15,2015,Q2,4,APR,6,14,MONDAY,2
2015-04-07,2015,2,4,15,2015,Q2,4,APR,7,14,TUESDAY,3
2015-04-08,2015,2,4,15,2015,Q2,4,APR,8,14,WEDNESDAY,4
2015-04-09,2015,2,4,15,2015,Q2,4,APR,9,15,THURSDAY,5
2015-04-10,2015,2,4,15,2015,Q2,4,APR,10,15,FRIDAY,6
2015-04-11,2015,2,4,15,2015,Q2,4,APR,11,15,SATURDAY,7
2015-04-12,2015,2,4,16,2015,Q2,4,APR,12,15,SUNDAY,1
2015-04-13,2015,2,4,16,2015,Q2,4,APR,13,15,MONDAY,2
2015-04-14,2015,2,4,16,2015,Q2,4,APR,14,15,TUESDAY,3
2015-04-15,2015,2,4,16,2015,Q2,4,APR,15,15,WEDNESDAY,4
2015-04-16,2015,2,4,16,2015,Q2,4,APR,16,16,THURSDAY,5
2015-04-17,2015,2,4,16,2015,Q2,4,APR,17,16,FRIDAY,6
2015-04-18,2015,2,4,16,2015,Q2,4,APR,18,16,SATURDAY,7
2015-04-19,2015,2,4,17,2015,Q2,4,APR,19,16,SUNDAY,1
2015-04-20,2015,2,4,17,2015,Q2,4,APR,20,16,MONDAY,2
2015-04-21,2015,2,4,17,2015,Q2,4,APR,21,16,TUESDAY,3
2015-04-22,2015,2,4,17,2015,Q2,4,APR,22,16,WEDNESDAY,4
2015-04-23,2015,2,4,17,2015,Q2,4,APR,23,17,THURSDAY,5
2015-04-24,2015,2,4,17,2015,Q2,4,APR,24,17,FRIDAY,6
2015-04-25,2015,2,4,17,2015,Q2,4,APR,25,17,SATURDAY,7
2015-04-26,2015,2,5,18,2015,Q2,4,APR,26,17,SUNDAY,1
2015-04-27,2015,2,5,18,2015,Q2,4,APR,27,17,MONDAY,2
2015-04-28,2015,2,5,18,2015,Q2,4,APR,28,17,TUESDAY,3
2015-04-29,2015,2,5,18,2015,Q2,4,APR,29,17,WEDNESDAY,4
2015-04-30,2015,2,5,18,2015,Q2,4,APR,30,18,THURSDAY,5
2015-05-01,2015,2,5,18,2015,Q2,5,MAY,1,18,FRIDAY,6
2015-05-02,2015,2,5,18,2015,Q2,5,MAY,2,18,SATURDAY,7
2015-05-03,2015,2,5,19,2015,Q2,5,MAY,3,18,SUNDAY,1
2015-05-04,2015,2,5,19,2015,Q2,5,MAY,4,18,MONDAY,2
2015-05-05,2015,2,5,19,2015,Q2,5,MAY,5,18,TUESDAY,3
2015-05-06,2015,2,5,19,2015,Q2,5,MAY,6,18,WEDNESDAY,4
2015-05-07,2015,2,5,19,2015,Q2,5,MAY,7,19,THURSDAY,5
2015-05-08,2015,2,5,19,2015,Q2,5,MAY,8,19,FRIDAY,6
2015-05-09,2015,2,5,19,2015,Q2,5,MAY,9,19,SATURDAY,7
2015-05-10,2015,2,5,20,2015,Q2,5,MAY,10,19,SUNDAY,1
2015-05-11,2015,2,5,20,2015,Q2,5,MAY,11,19,MONDAY,2
2015-05-12,2015,2,5,20,2015,Q2,5,MAY,12,19,TUESDAY,3
2015-05-13,2015,2,5,20,2015,Q2,5,MAY,13,19,WEDNESDAY,4
2015-05-14,2015,2,5,20,2015,Q2,5,MAY,14,20,THURSDAY,5
2015-05-15,2015,2,5,20,2015,Q2,5,MAY,15,20,FRIDAY,6
2015-05-16,2015,2,5,20,2015,Q2,5,MAY,16,20,SATURDAY,7
2015-05-17,2015,2,5,21,2015,Q2,5,MAY,17,20,SUNDAY,1
2015-05-18,2015,2,5,21,2015,Q2,5,MAY,18,20,MONDAY,2
2015-05-19,2015,2,5,21,2015,Q2,5,MAY,19,20,TUESDAY,3
2015-05-20,2015,2,5,21,2015,Q2,5,MAY,20,20,WEDNESDAY,4
2015-05-21,2015,2,5,21,2015,Q2,5,MAY,21,21,THURSDAY,5
2015-05-22,2015,2,5,21,2015,Q2,5,MAY,22,21,FRIDAY,6
2015-05-23,2015,2,5,21,2015,Q2,5,MAY,23,21,SATURDAY,7
2015-05-24,2015,2,5,22,2015,Q2,5,MAY,24,21,SUNDAY,1
2015-05-25,2015,2,5,22,2015,Q2,5,MAY,25,21,MONDAY,2
2015-05-26,2015,2,5,22,2015,Q2,5,MAY,26,21,TUESDAY,3
2015-05-27,2015,2,5,22,2015,Q2,5,MAY,27,21,WEDNESDAY,4
2015-05-28,2015,2,5,22,2015,Q2,5,MAY,28,22,THURSDAY,5
2015-05-29,2015,2,5,22,2015,Q2,5,MAY,29,22,FRIDAY,6
2015-05-30,2015,2,5,22,2015,Q2,5,MAY,30,22,SATURDAY,7
2015-05-31,2015,2,6,23,2015,Q2,5,MAY,31,22,SUNDAY,1
2015-06-01,2015,2,6,23,2015,Q2,6,JUN,1,22,MONDAY,2
2015-06-02,2015,2,6,23,2015,Q2,6,JUN,2,22,TUESDAY,3
2015-06-03,2015,2,6,23,2015,Q2,6,JUN,3,22,WEDNESDAY,4
2015-06-04,2015,2,6,23,2015,Q2,6,JUN,4,23,THURSDAY,5
2015-06-05,2015,2,6,23,2015,Q2,6,JUN,5,23,FRIDAY,6
2015-06-06,2015,2,6,23,2015,Q2,6,JUN,6,23,SATURDAY,7
2015-06-07,2015,2,6,24,2015,Q2,6,JUN,7,23,SUNDAY,1
2015-06-08,2015,2,6,24,2015,Q2,6,JUN,8,23,MONDAY,2
2015-06-09,2015,2,6,24,2015,Q2,6,JUN,9,23,TUESDAY,3
2015-06-10,2015,2,6,24,2015,Q2,6,JUN,10,23,WEDNESDAY,4
2015-06-11,2015,2,6,24,2015,Q2,6,JUN,11,24,THURSDAY,5
2015-06-12,2015,2,6,24,2015,Q2,6,JUN,12,24,FRIDAY,6
2015-06-13,2015,2,6,24,2015,Q2,6,JUN,13,24,SATURDAY,7
2015-06-14,2015,2,6,25,2015,Q2,6,JUN,14,24,SUNDAY,1
2015-06-15,2015,2,6,25,2015,Q2,6,JUN,15,24,MONDAY,2
2015-06-16,2015,2,6,25,2015,Q2,6,JUN,16,24,TUESDAY,3
2015-06-17,2015,2,6,25,2015,Q2,6,JUN,17,24,WEDNESDAY,4
2015-06-18,2015,2,6,25,2015,Q2,6,JUN,18,25,THURSDAY,5
2015-06-19,2015,2,6,25,2015,Q2,6,JUN,19,25,FRIDAY,6
2015-06-20,2015,2,6,25,2015,Q2,6,JUN,20,25,SATURDAY,7
2015-06-21,2015,2,6,26,2015,Q2,6,JUN,21,25,SUNDAY,1
2015-06-22,2015,2,6,26,2015,Q2,6,JUN,22,25,MONDAY,2
2015-06-23,2015,2,6,26,2015,Q2,6,JUN,23,25,TUESDAY,3
2015-06-24,2015,2,6,26,2015,Q2,6,JUN,24,25,WEDNESDAY,4
2015-06-25,2015,2,6,26,2015,Q2,6,JUN,25,26,THURSDAY,5
2015-06-26,2015,2,6,26,2015,Q2,6,JUN,26,26,FRIDAY,6
2015-06-27,2015,2,6,26,2015,Q2,6,JUN,27,26,SATURDAY,7
2015-06-28,2015,3,7,27,2015,Q2,6,JUN,28,26,SUNDAY,1
2015-06-29,2015,3,7,27,2015,Q2,6,JUN,29,26,MONDAY,2
2015-06-30,2015,3,7,27,2015,Q2,6,JUN,30,26,TUESDAY,3
2015-07-01,2015,3,7,27,2015,Q3,7,JUL,1,26,WEDNESDAY,4
2015-07-02,2015,3,7,27,2015,Q3,7,JUL,2,27,THURSDAY,5
2015-07-03,2015,3,7,27,2015,Q3,7,JUL,3,27,FRIDAY,6
2015-07-04,2015,3,7,27,2015,Q3,7,JUL,4,27,SATURDAY,7
2015-07-05,2015,3,7,28,2015,Q3,7,JUL,5,27,SUNDAY,1
2015-07-06,2015,3,7,28,2015,Q3,7,JUL,6,27,MONDAY,2
2015-07-07,2015,3,7,28,2015,Q3,7,JUL,7,27,TUESDAY,3
2015-07-08,2015,3,7,28,2015,Q3,7,JUL,8,27,WEDNESDAY,4
2015-07-09,2015,3,7,28,2015,Q3,7,JUL,9,28,THURSDAY,5
2015-07-10,2015,3,7,28,2015,Q3,7,JUL,10,28,FRIDAY,6
2015-07-11,2015,3,7,28,2015,Q3,7,JUL,11,28,SATURDAY,7
2015-07-12,2015,3,7,29,2015,Q3,7,JUL,12,28,SUNDAY,1
2015-07-13,2015,3,7,29,2015,Q3,7,JUL,13,28,MONDAY,2
2015-07-14,2015,3,7,29,2015,Q3,7,JUL,14,28,TUESDAY,3
2015-07-15,2015,3,7,29,2015,Q3,7,JUL,15,28,WEDNESDAY,4
2015-07-16,2015,3,7,29,2015,Q3,7,JUL,16,29,THURSDAY,5
2015-07-17,2015,3,7,29,2015,Q3,7,JUL,17,29,FRIDAY,6
2015-07-18,2015,3,7,29,2015,Q3,7,JUL,18,29,SATURDAY,7
2015-07-19,2015,3,7,30,2015,Q3,7,JUL,19,29,SUNDAY,1
2015-07-20,2015,3,7,30,2015,Q3,7,JUL,20,29,MONDAY,2
2015-07-21,2015,3,7,30,2015,Q3,7,JUL,21,29,TUESDAY,3
2015-07-22,2015,3,7,30,2015,Q3,7,JUL,22,29,WEDNESDAY,4
2015-07-23,2015,3,7,30,2015,Q3,7,JUL,23,30,THURSDAY,5
2015-07-24,2015,3,7,30,2015,Q3,7,JUL,24,30,FRIDAY,6
2015-07-25,2015,3,7,30,2015,Q3,7,JUL,25,30,SATURDAY,7
2015-07-26,2015,3,8,31,2015,Q3,7,JUL,26,30,SUNDAY,1
2015-07-27,2015,3,8,31,2015,Q3,7,JUL,27,30,MONDAY,2
2015-07-28,2015,3,8,31,2015,Q3,7,JUL,28,30,TUESDAY,3
2015-07-29,2015,3,8,31,2015,Q3,7,JUL,29,30,WEDNESDAY,4
2015-07-30,2015,3,8,31,2015,Q3,7,JUL,30,31,THURSDAY,5
2015-07-31,2015,3,8,31,2015,Q3,7,JUL,31,31,FRIDAY,6
2015-08-01,2015,3,8,31,2015,Q3,8,AUG,1,31,SATURDAY,7
2015-08-02,2015,3,8,32,2015,Q3,8,AUG,2,31,SUNDAY,1
2015-08-03,2015,3,8,32,2015,Q3,8,AUG,3,31,MONDAY,2
2015-08-04,2015,3,8,32,2015,Q3,8,AUG,4,31,TUESDAY,3
2015-08-05,2015,3,8,32,2015,Q3,8,AUG,5,31,WEDNESDAY,4
2015-08-06,2015,3,8,32,2015,Q3,8,AUG,6,32,THURSDAY,5
2015-08-07,2015,3,8,32,2015,Q3,8,AUG,7,32,FRIDAY,6
2015-08-08,2015,3,8,32,2015,Q3,8,AUG,8,32,SATURDAY,7
2015-08-09,2015,3,8,33,2015,Q3,8,AUG,9,32,SUNDAY,1
2015-08-10,2015,3,8,33,2015,Q3,8,AUG,10,32,MONDAY,2
2015-08-11,2015,3,8,33,2015,Q3,8,AUG,11,32,TUESDAY,3
2015-08-12,2015,3,8,33,2015,Q3,8,AUG,12,32,WEDNESDAY,4
2015-08-13,2015,3,8,33,2015,Q3,8,AUG,13,33,THURSDAY,5
2015-08-14,2015,3,8,33,2015,Q3,8,AUG,14,33,FRIDAY,6
2015-08-15,2015,3,8,33,2015,Q3,8,AUG,15,33,SATURDAY,7
2015-08-16,2015,3,8,34,2015,Q3,8,AUG,16,33,SUNDAY,1
2015-08-17,2015,3,8,34,2015,Q3,8,AUG,17,33,MONDAY,2
2015-08-18,2015,3,8,34,2015,Q3,8,AUG,18,33,TUESDAY,3
2015-08-19,2015,3,8,34,2015,Q3,8,AUG,19,33,WEDNESDAY,4
2015-08-20,2015,3,8,34,2015,Q3,8,AUG,20,34,THURSDAY,5
2015-08-21,2015,3,8,34,2015,Q3,8,AUG,21,34,FRIDAY,6
2015-08-22,2015,3,8,34,2015,Q3,8,AUG,22,34,SATURDAY,7
2015-08-23,2015,3,8,35,2015,Q3,8,AUG,23,34,SUNDAY,1
2015-08-24,2015,3,8,35,2015,Q3,8,AUG,24,34,MONDAY,2
2015-08-25,2015,3,8,35,2015,Q3,8,AUG,25,34,TUESDAY,3
2015-08-26,2015,3,8,35,2015,Q3,8,AUG,26,34,WEDNESDAY,4
2015-08-27,2015,3,8,35,2015,Q3,8,AUG,27,35,THURSDAY,5
2015-08-28,2015,3,8,35,2015,Q3,8,AUG,28,35,FRIDAY,6
2015-08-29,2015,3,8,35,2015,Q3,8,AUG,29,35,SATURDAY,7
2015-08-30,2015,3,9,36,2015,Q3,8,AUG,30,35,SUNDAY,1
2015-08-31,2015,3,9,36,2015,Q3,8,AUG,31,35,MONDAY,2
2015-09-01,2015,3,9,36,2015,Q3,9,SEP,1,35,TUESDAY,3
2015-09-02,2015,3,9,36,2015,Q3,9,SEP,2,35,WEDNESDAY,4
2015-09-03,2015,3,9,36,2015,Q3,9,SEP,3,36,THURSDAY,5
2015-09-04,2015,3,9,36,2015,Q3,9,SEP,4,36,FRIDAY,6
2015-09-05,2015,3,9,36,2015,Q3,9,SEP,5,36,SATURDAY,7
2015-09-06,2015,3,9,37,2015,Q3,9,SEP,6,36,SUNDAY,1
2015-09-07,2015,3,9,37,2015,Q3,9,SEP,7,36,MONDAY,2
2015-09-08,2015,3,9,37,2015,Q3,9,SEP,8,36,TUESDAY,3
2015-09-09,2015,3,9,37,2015,Q3,9,SEP,9,36,WEDNESDAY,4
2015-09-10,2015,3,9,37,2015,Q3,9,SEP,10,37,THURSDAY,5
2015-09-11,2015,3,9,37,2015,Q3,9,SEP,11,37,FRIDAY,6
2015-09-12,2015,3,9,37,2015,Q3,9,SEP,12,37,SATURDAY,7
2015-09-13,2015,3,9,38,2015,Q3,9,SEP,13,37,SUNDAY,1
2015-09-14,2015,3,9,38,2015,Q3,9,SEP,14,37,MONDAY,2
2015-09-15,2015,3,9,38,2015,Q3,9,SEP,15,37,TUESDAY,3
2015-09-16,2015,3,9,38,2015,Q3,9,SEP,16,37,WEDNESDAY,4
2015-09-17,2015,3,9,38,2015,Q3,9,SEP,17,38,THURSDAY,5
2015-09-18,2015,3,9,38,2015,Q3,9,SEP,18,38,FRIDAY,6
2015-09-19,2015,3,9,38,2015,Q3,9,SEP,19,38,SATURDAY,7
2015-09-20,2015,3,9,39,2015,Q3,9,SEP,20,38,SUNDAY,1
2015-09-21,2015,3,9,39,2015,Q3,9,SEP,21,38,MONDAY,2
2015-09-22,2015,3,9,39,2015,Q3,9,SEP,22,38,TUESDAY,3
2015-09-23,2015,3,9,39,2015,Q3,9,SEP,23,38,WEDNESDAY,4
2015-09-24,2015,3,9,39,2015,Q3,9,SEP,24,39,THURSDAY,5
2015-09-25,2015,3,9,39,2015,Q3,9,SEP,25,39,FRIDAY,6
2015-09-26,2015,3,9,39,2015,Q3,9,SEP,26,39,SATURDAY,7
2015-09-27,2015,4,10,40,2015,Q3,9,SEP,27,39,SUNDAY,1
2015-09-28,2015,4,10,40,2015,Q3,9,SEP,28,39,MONDAY,2
2015-09-29,2015,4,10,40,2015,Q3,9,SEP,29,39,TUESDAY,3
2015-09-30,2015,4,10,40,2015,Q3,9,SEP,30,39,WEDNESDAY,4
2015-10-01,2015,4,10,40,2015,Q4,10,OCT,1,40,THURSDAY,5
2015-10-02,2015,4,10,40,2015,Q4,10,OCT,2,40,FRIDAY,6
2015-10-03,2015,4,10,40,2015,Q4,10,OCT,3,40,SATURDAY,7
2015-10-04,2015,4,10,41,2015,Q4,10,OCT,4,40,SUNDAY,1
2015-10-05,2015,4,10,41,2015,Q4,10,OCT,5,40,MONDAY,2
2015-10-06,2015,4,10,41,2015,Q4,10,OCT,6,40,TUESDAY,3
2015-10-07,2015,4,10,41,2015,Q4,10,OCT,7,40,WEDNESDAY,4
2015-10-08,2015,4,10,41,2015,Q4,10,OCT,8,41,THURSDAY,5
2015-10-09,2015,4,10,41,2015,Q4,10,OCT,9,41,FRIDAY,6
2015-10-10,2015,4,10,41,2015,Q4,10,OCT,10,41,SATURDAY,7
2015-10-11,2015,4,10,42,2015,Q4,10,OCT,11,41,SUNDAY,1
2015-10-12,2015,4,10,42,2015,Q4,10,OCT,12,41,MONDAY,2
2015-10-13,2015,4,10,42,2015,Q4,10,OCT,13,41,TUESDAY,3
2015-10-14,2015,4,10,42,2015,Q4,10,OCT,14,41,WEDNESDAY,4
2015-10-15,2015,4,10,42,2015,Q4,10,OCT,15,42,THURSDAY,5
2015-10-16,2015,4,10,42,2015,Q4,10,OCT,16,42,FRIDAY,6
2015-10-17,2015,4,10,42,2015,Q4,10,OCT,17,42,SATURDAY,7
2015-10-18,2015,4,10,43,2015,Q4,10,OCT,18,42,SUNDAY,1
2015-10-19,2015,4,10,43,2015,Q4,10,OCT,19,42,MONDAY,2
2015-10-20,2015,4,10,43,2015,Q4,10,OCT,20,42,TUESDAY,3
2015-10-21,2015,4,10,43,2015,Q4,10,OCT,21,42,WEDNESDAY,4
2015-10-22,2015,4,10,43,2015,Q4,10,OCT,22,43,THURSDAY,5
2015-10-23,2015,4,10,43,2015,Q4,10,OCT,23,43,FRIDAY,6
2015-10-24,2015,4,10,43,2015,Q4,10,OCT,24,43,SATURDAY,7
2015-10-25,2015,4,11,44,2015,Q4,10,OCT,25,43,SUNDAY,1
2015-10-26,2015,4,11,44,2015,Q4,10,OCT,26,43,MONDAY,2
2015-10-27,2015,4,11,44,2015,Q4,10,OCT,27,43,TUESDAY,3
2015-10-28,2015,4,11,44,2015,Q4,10,OCT,28,43,WEDNESDAY,4
2015-10-29,2015,4,11,44,2015,Q4,10,OCT,29,44,THURSDAY,5
2015-10-30,2015,4,11,44,2015,Q4,10,OCT,30,44,FRIDAY,6
2015-10-31,2015,4,11,44,2015,Q4,10,OCT,31,44,SATURDAY,7
2015-11-01,2015,4,11,45,2015,Q4,11,NOV,1,44,SUNDAY,1
2015-11-02,2015,4,11,45,2015,Q4,11,NOV,2,44,MONDAY,2
2015-11-03,2015,4,11,45,2015,Q4,11,NOV,3,44,TUESDAY,3
2015-11-04,2015,4,11,45,2015,Q4,11,NOV,4,44,WEDNESDAY,4
2015-11-05,2015,4,11,45,2015,Q4,11,NOV,5,45,THURSDAY,5
2015-11-06,2015,4,11,45,2015,Q4,11,NOV,6,45,FRIDAY,6
2015-11-07,2015,4,11,45,2015,Q4,11,NOV,7,45,SATURDAY,7
2015-11-08,2015,4,11,46,2015,Q4,11,NOV,8,45,SUNDAY,1
2015-11-09,2015,4,11,46,2015,Q4,11,NOV,9,45,MONDAY,2
2015-11-10,2015,4,11,46,2015,Q4,11,NOV,10,45,TUESDAY,3
2015-11-11,2015,4,11,46,2015,Q4,11,NOV,11,45,WEDNESDAY,4
2015-11-12,2015,4,11,46,2015,Q4,11,NOV,12,46,THURSDAY,5
2015-11-13,2015,4,11,46,2015,Q4,11,NOV,13,46,FRIDAY,6
2015-11-14,2015,4,11,46,2015,Q4,11,NOV,14,46,SATURDAY,7
2015-11-15,2015,4,11,47,2015,Q4,11,NOV,15,46,SUNDAY,1
2015-11-16,2015,4,11,47,2015,Q4,11,NOV,16,46,MONDAY,2
2015-11-17,2015,4,11,47,2015,Q4,11,NOV,17,46,TUESDAY,3
2015-11-18,2015,4,11,47,2015,Q4,11,NOV,18,46,WEDNESDAY,4
2015-11-19,2015,4,11,47,2015,Q4,11,NOV,19,47,THURSDAY,5
2015-11-20,2015,4,11,47,2015,Q4,11,NOV,20,47,FRIDAY,6
2015-11-21,2015,4,11,47,2015,Q4,11,NOV,21,47,SATURDAY,7
2015-11-22,2015,4,11,48,2015,Q4,11,NOV,22,47,SUNDAY,1
2015-11-23,2015,4,11,48,2015,Q4,11,NOV,23,47,MONDAY,2
2015-11-24,2015,4,11,48,2015,Q4,11,NOV,24,47,TUESDAY,3
2015-11-25,2015,4,11,48,2015,Q4,11,NOV,25,47,WEDNESDAY,4
2015-11-26,2015,4,11,48,2015,Q4,11,NOV,26,48,THURSDAY,5
2015-11-27,2015,4,11,48,2015,Q4,11,NOV,27,48,FRIDAY,6
2015-11-28,2015,4,11,48,2015,Q4,11,NOV,28,48,SATURDAY,7
2015-11-29,2015,4,12,49,2015,Q4,11,NOV,29,48,SUNDAY,1
2015-11-30,2015,4,12,49,2015,Q4,11,NOV,30,48,MONDAY,2
2015-12-01,2015,4,12,49,2015,Q4,12,DEC,1,48,TUESDAY,3
2015-12-02,2015,4,12,49,2015,Q4,12,DEC,2,48,WEDNESDAY,4
2015-12-03,2015,4,12,49,2015,Q4,12,DEC,3,49,THURSDAY,5
2015-12-04,2015,4,12,49,2015,Q4,12,DEC,4,49,FRIDAY,6
2015-12-05,2015,4,12,49,2015,Q4,12,DEC,5,49,SATURDAY,7
2015-12-06,2015,4,12,50,2015,Q4,12,DEC,6,49,SUNDAY,1
2015-12-07,2015,4,12,50,2015,Q4,12,DEC,7,49,MONDAY,2
2015-12-08,2015,4,12,50,2015,Q4,12,DEC,8,49,TUESDAY,3
2015-12-09,2015,4,12,50,2015,Q4,12,DEC,9,49,WEDNESDAY,4
2015-12-10,2015,4,12,50,2015,Q4,12,DEC,10,50,THURSDAY,5
2015-12-11,2015,4,12,50,2015,Q4,12,DEC,11,50,FRIDAY,6
2015-12-12,2015,4,12,50,2015,Q4,12,DEC,12,50,SATURDAY,7
2015-12-13,2015,4,12,51,2015,Q4,12,DEC,13,50,SUNDAY,1
2015-12-14,2015,4,12,51,2015,Q4,12,DEC,14,50,MONDAY,2
2015-12-15,2015,4,12,51,2015,Q4,12,DEC,15,50,TUESDAY,3
2015-12-16,2015,4,12,51,2015,Q4,12,DEC,16,50,WEDNESDAY,4
2015-12-17,2015,4,12,51,2015,Q4,12,DEC,17,51,THURSDAY,5
2015-12-18,2015,4,12,51,2015,Q4,12,DEC,18,51,FRIDAY,6
2015-12-19,2015,4,12,51,2015,Q4,12,DEC,19,51,SATURDAY,7
2015-12-20,2015,4,12,52,2015,Q4,12,DEC,20,51,SUNDAY,1
2015-12-21,2015,4,12,52,2015,Q4,12,DEC,21,51,MONDAY,2
2015-12-22,2015,4,12,52,2015,Q4,12,DEC,22,51,TUESDAY,3
2015-12-23,2015,4,12,52,2015,Q4,12,DEC,23,51,WEDNESDAY,4
2015-12-24,2015,4,12,52,2015,Q4,12,DEC,24,52,THURSDAY,5
2015-12-25,2015,4,12,52,2015,Q4,12,DEC,25,52,FRIDAY,6
2015-12-26,2015,4,12,52,2015,Q4,12,DEC,26,52,SATURDAY,7
2015-12-27,2015,4,12,53,2015,Q4,12,DEC,27,52,SUNDAY,1
2015-12-28,2015,4,12,53,2015,Q4,12,DEC,28,52,MONDAY,2
2015-12-29,2015,4,12,53,2015,Q4,12,DEC,29,52,TUESDAY,3
2015-12-30,2015,4,12,53,2015,Q4,12,DEC,30,52,WEDNESDAY,4
2015-12-31,2015,4,12,53,2015,Q4,12,DEC,31,53,THURSDAY,5
2016-01-01,2015,4,12,53,2016,Q1,1,JAN,1,1,FRIDAY,6
2016-01-02,2015,4,12,53,2016,Q1,1,JAN,2,1,SATURDAY,7
2016-01-03,2016,1,1,1,2016,Q1,1,JAN,3,1,SUNDAY,1
2016-01-04,2016,1,1,1,2016,Q1,1,JAN,4,1,MONDAY,2
2016-01-05,2016,1,1,1,2016,Q1,1,JAN,5,1,TUESDAY,3
2016-01-06,2016,1,1,1,2016,Q1,1,JAN,6,1,WEDNESDAY,4
2016-01-07,2016,1,1,1,2016,Q1,1,JAN,7,1,THURSDAY,5
2016-01-08,2016,1,1,1,2016,Q1,1,JAN,8,2,FRIDAY,6
2016-01-09,2016,1,1,1,2016,Q1,1,JAN,9,2,SATURDAY,7
2016-01-10,2016,1,1,2,2016,Q1,1,JAN,10,2,SUNDAY,1
2016-01-11,2016,1,1,2,2016,Q1,1,JAN,11,2,MONDAY,2
2016-01-12,2016,1,1,2,2016,Q1,1,JAN,12,2,TUESDAY,3
2016-01-13,2016,1,1,2,2016,Q1,1,JAN,13,2,WEDNESDAY,4
2016-01-14,2016,1,1,2,2016,Q1,1,JAN,14,2,THURSDAY,5
2016-01-15,2016,1,1,2,2016,Q1,1,JAN,15,3,FRIDAY,6
2016-01-16,2016,1,1,2,2016,Q1,1,JAN,16,3,SATURDAY,7
2016-01-17,2016,1,1,3,2016,Q1,1,JAN,17,3,SUNDAY,1
2016-01-18,2016,1,1,3,2016,Q1,1,JAN,18,3,MONDAY,2
2016-01-19,2016,1,1,3,2016,Q1,1,JAN,19,3,TUESDAY,3
2016-01-20,2016,1,1,3,2016,Q1,1,JAN,20,3,WEDNESDAY,4
2016-01-21,2016,1,1,3,2016,Q1,1,JAN,21,3,THURSDAY,5
2016-01-22,2016,1,1,3,2016,Q1,1,JAN,22,4,FRIDAY,6
2016-01-23,2016,1,1,3,2016,Q1,1,JAN,23,4,SATURDAY,7
2016-01-24,2016,1,1,4,2016,Q1,1,JAN,24,4,SUNDAY,1
2016-01-25,2016,1,1,4,2016,Q1,1,JAN,25,4,MONDAY,2
2016-01-26,2016,1,1,4,2016,Q1,1,JAN,26,4,TUESDAY,3
2016-01-27,2016,1,1,4,2016,Q1,1,JAN,27,4,WEDNESDAY,4
2016-01-28,2016,1,1,4,2016,Q1,1,JAN,28,4,THURSDAY,5
2016-01-29,2016,1,1,4,2016,Q1,1,JAN,29,5,FRIDAY,6
2016-01-30,2016,1,1,4,2016,Q1,1,JAN,30,5,SATURDAY,7
2016-01-31,2016,1,2,5,2016,Q1,1,JAN,31,5,SUNDAY,1
2016-02-01,2016,1,2,5,2016,Q1,2,FEB,1,5,MONDAY,2
2016-02-02,2016,1,2,5,2016,Q1,2,FEB,2,5,TUESDAY,3
2016-02-03,2016,1,2,5,2016,Q1,2,FEB,3,5,WEDNESDAY,4
2016-02-04,2016,1,2,5,2016,Q1,2,FEB,4,5,THURSDAY,5
2016-02-05,2016,1,2,5,2016,Q1,2,FEB,5,6,FRIDAY,6
2016-02-06,2016,1,2,5,2016,Q1,2,FEB,6,6,SATURDAY,7
2016-02-07,2016,1,2,6,2016,Q1,2,FEB,7,6,SUNDAY,1
2016-02-08,2016,1,2,6,2016,Q1,2,FEB,8,6,MONDAY,2
2016-02-09,2016,1,2,6,2016,Q1,2,FEB,9,6,TUESDAY,3
2016-02-10,2016,1,2,6,2016,Q1,2,FEB,10,6,WEDNESDAY,4
2016-02-11,2016,1,2,6,2016,Q1,2,FEB,11,6,THURSDAY,5
2016-02-12,2016,1,2,6,2016,Q1,2,FEB,12,7,FRIDAY,6
2016-02-13,2016,1,2,6,2016,Q1,2,FEB,13,7,SATURDAY,7
2016-02-14,2016,1,2,7,2016,Q1,2,FEB,14,7,SUNDAY,1
2016-02-15,2016,1,2,7,2016,Q1,2,FEB,15,7,MONDAY,2
2016-02-16,2016,1,2,7,2016,Q1,2,FEB,16,7,TUESDAY,3
2016-02-17,2016,1,2,7,2016,Q1,2,FEB,17,7,WEDNESDAY,4
2016-02-18,2016,1,2,7,2016,Q1,2,FEB,18,7,THURSDAY,5
2016-02-19,2016,1,2,7,2016,Q1,2,FEB,19,8,FRIDAY,6
2016-02-20,2016,1,2,7,2016,Q1,2,FEB,20,8,SATURDAY,7
2016-02-21,2016,1,2,8,2016,Q1,2,FEB,21,8,SUNDAY,1
2016-02-22,2016,1,2,8,2016,Q1,2,FEB,22,8,MONDAY,2
2016-02-23,2016,1,2,8,2016,Q1,2,FEB,23,8,TUESDAY,3
2016-02-24,2016,1,2,8,2016,Q1,2,FEB,24,8,WEDNESDAY,4
2016-02-25,2016,1,2,8,2016,Q1,2,FEB,25,8,THURSDAY,5
2016-02-26,2016,1,2,8,2016,Q1,2,FEB,26,9,FRIDAY,6
2016-02-27,2016,1,2,8,2016,Q1,2,FEB,27,9,SATURDAY,7
2016-02-28,2016,1,2,9,2016,Q1,2,FEB,28,9,SUNDAY,1
2016-02-29,2016,1,2,9,2016,Q1,2,FEB,29,9,MONDAY,2
2016-03-01,2016,1,2,9,2016,Q1,3,MAR,1,9,TUESDAY,3
2016-03-02,2016,1,2,9,2016,Q1,3,MAR,2,9,WEDNESDAY,4
2016-03-03,2016,1,2,9,2016,Q1,3,MAR,3,9,THURSDAY,5
2016-03-04,2016,1,2,9,2016,Q1,3,MAR,4,10,FRIDAY,6
2016-03-05,2016,1,2,9,2016,Q1,3,MAR,5,10,SATURDAY,7
2016-03-06,2016,1,3,10,2016,Q1,3,MAR,6,10,SUNDAY,1
2016-03-07,2016,1,3,10,2016,Q1,3,MAR,7,10,MONDAY,2
2016-03-08,2016,1,3,10,2016,Q1,3,MAR,8,10,TUESDAY,3
2016-03-09,2016,1,3,10,2016,Q1,3,MAR,9,10,WEDNESDAY,4
2016-03-10,2016,1,3,10,2016,Q1,3,MAR,10,10,THURSDAY,5
2016-03-11,2016,1,3,10,2016,Q1,3,MAR,11,11,FRIDAY,6
2016-03-12,2016,1,3,10,2016,Q1,3,MAR,12,11,SATURDAY,7
2016-03-13,2016,1,3,11,2016,Q1,3,MAR,13,11,SUNDAY,1
2016-03-14,2016,1,3,11,2016,Q1,3,MAR,14,11,MONDAY,2
2016-03-15,2016,1,3,11,2016,Q1,3,MAR,15,11,TUESDAY,3
2016-03-16,2016,1,3,11,2016,Q1,3,MAR,16,11,WEDNESDAY,4
2016-03-17,2016,1,3,11,2016,Q1,3,MAR,17,11,THURSDAY,5
2016-03-18,2016,1,3,11,2016,Q1,3,MAR,18,12,FRIDAY,6
2016-03-19,2016,1,3,11,2016,Q1,3,MAR,19,12,SATURDAY,7
2016-03-20,2016,1,3,12,2016,Q1,3,MAR,20,12,SUNDAY,1
2016-03-21,2016,1,3,12,2016,Q1,3,MAR,21,12,MONDAY,2
2016-03-22,2016,1,3,12,2016,Q1,3,MAR,22,12,TUESDAY,3
2016-03-23,2016,1,3,12,2016,Q1,3,MAR,23,12,WEDNESDAY,4
2016-03-24,2016,1,3,12,2016,Q1,3,MAR,24,12,THURSDAY,5
2016-03-25,2016,1,3,12,2016,Q1,3,MAR,25,13,FRIDAY,6
2016-03-26,2016,1,3,12,2016,Q1,3,MAR,26,13,SATURDAY,7
2016-03-27,2016,1,3,13,2016,Q1,3,MAR,27,13,SUNDAY,1
2016-03-28,2016,1,3,13,2016,Q1,3,MAR,28,13,MONDAY,2
2016-03-29,2016,1,3,13,2016,Q1,3,MAR,29,13,TUESDAY,3
2016-03-30,2016,1,3,13,2016,Q1,3,MAR,30,13,WEDNESDAY,4
2016-03-31,2016,1,3,13,2016,Q1,3,MAR,31,13,THURSDAY,5
2016-04-01,2016,1,3,13,2016,Q2,4,APR,1,14,FRIDAY,6
2016-04-02,2016,1,3,13,2016,Q2,4,APR,2,14,SATURDAY,7
2016-04-03,2016,2,4,14,2016,Q2,4,APR,3,14,SUNDAY,1
2016-04-04,2016,2,4,14,2016,Q2,4,APR,4,14,MONDAY,2
2016-04-05,2016,2,4,14,2016,Q2,4,APR,5,14,TUESDAY,3
2016-04-06,2016,2,4,14,2016,Q2,4,APR,6,14,WEDNESDAY,4
2016-04-07,2016,2,4,14,2016,Q2,4,APR,7,14,THURSDAY,5
2016-04-08,2016,2,4,14,2016,Q2,4,APR,8,15,FRIDAY,6
2016-04-09,2016,2,4,14,2016,Q2,4,APR,9,15,SATURDAY,7
2016-04-10,2016,2,4,15,2016,Q2,4,APR,10,15,SUNDAY,1
2016-04-11,2016,2,4,15,2016,Q2,4,APR,11,15,MONDAY,2
2016-04-12,2016,2,4,15,2016,Q2,4,APR,12,15,TUESDAY,3
2016-04-13,2016,2,4,15,2016,Q2,4,APR,13,15,WEDNESDAY,4
2016-04-14,2016,2,4,15,2016,Q2,4,APR,14,15,THURSDAY,5
2016-04-15,2016,2,4,15,2016,Q2,4,APR,15,16,FRIDAY,6
2016-04-16,2016,2,4,15,2016,Q2,4,APR,16,16,SATURDAY,7
2016-04-17,2016,2,4,16,2016,Q2,4,APR,17,16,SUNDAY,1
2016-04-18,2016,2,4,16,2016,Q2,4,APR,18,16,MONDAY,2
2016-04-19,2016,2,4,16,2016,Q2,4,APR,19,16,TUESDAY,3
2016-04-20,2016,2,4,16,2016,Q2,4,APR,20,16,WEDNESDAY,4
2016-04-21,2016,2,4,16,2016,Q2,4,APR,21,16,THURSDAY,5
2016-04-22,2016,2,4,16,2016,Q2,4,APR,22,17,FRIDAY,6
2016-04-23,2016,2,4,16,2016,Q2,4,APR,23,17,SATURDAY,7
2016-04-24,2016,2,4,17,2016,Q2,4,APR,24,17,SUNDAY,1
2016-04-25,2016,2,4,17,2016,Q2,4,APR,25,17,MONDAY,2
2016-04-26,2016,2,4,17,2016,Q2,4,APR,26,17,TUESDAY,3
2016-04-27,2016,2,4,17,2016,Q2,4,APR,27,17,WEDNESDAY,4
2016-04-28,2016,2,4,17,2016,Q2,4,APR,28,17,THURSDAY,5
2016-04-29,2016,2,4,17,2016,Q2,4,APR,29,18,FRIDAY,6
2016-04-30,2016,2,4,17,2016,Q2,4,APR,30,18,SATURDAY,7
2016-05-01,2016,2,5,18,2016,Q2,5,MAY,1,18,SUNDAY,1
2016-05-02,2016,2,5,18,2016,Q2,5,MAY,2,18,MONDAY,2
2016-05-03,2016,2,5,18,2016,Q2,5,MAY,3,18,TUESDAY,3
2016-05-04,2016,2,5,18,2016,Q2,5,MAY,4,18,WEDNESDAY,4
2016-05-05,2016,2,5,18,2016,Q2,5,MAY,5,18,THURSDAY,5
2016-05-06,2016,2,5,18,2016,Q2,5,MAY,6,19,FRIDAY,6
2016-05-07,2016,2,5,18,2016,Q2,5,MAY,7,19,SATURDAY,7
2016-05-08,2016,2,5,19,2016,Q2,5,MAY,8,19,SUNDAY,1
2016-05-09,2016,2,5,19,2016,Q2,5,MAY,9,19,MONDAY,2
2016-05-10,2016,2,5,19,2016,Q2,5,MAY,10,19,TUESDAY,3
2016-05-11,2016,2,5,19,2016,Q2,5,MAY,11,19,WEDNESDAY,4
2016-05-12,2016,2,5,19,2016,Q2,5,MAY,12,19,THURSDAY,5
2016-05-13,2016,2,5,19,2016,Q2,5,MAY,13,20,FRIDAY,6
2016-05-14,2016,2,5,19,2016,Q2,5,MAY,14,20,SATURDAY,7
2016-05-15,2016,2,5,20,2016,Q2,5,MAY,15,20,SUNDAY,1
2016-05-16,2016,2,5,20,2016,Q2,5,MAY,16,20,MONDAY,2
2016-05-17,2016,2,5,20,2016,Q2,5,MAY,17,20,TUESDAY,3
2016-05-18,2016,2,5,20,2016,Q2,5,MAY,18,20,WEDNESDAY,4
2016-05-19,2016,2,5,20,2016,Q2,5,MAY,19,20,THURSDAY,5
2016-05-20,2016,2,5,20,2016,Q2,5,MAY,20,21,FRIDAY,6
2016-05-21,2016,2,5,20,2016,Q2,5,MAY,21,21,SATURDAY,7
2016-05-22,2016,2,5,21,2016,Q2,5,MAY,22,21,SUNDAY,1
2016-05-23,2016,2,5,21,2016,Q2,5,MAY,23,21,MONDAY,2
2016-05-24,2016,2,5,21,2016,Q2,5,MAY,24,21,TUESDAY,3
2016-05-25,2016,2,5,21,2016,Q2,5,MAY,25,21,WEDNESDAY,4
2016-05-26,2016,2,5,21,2016,Q2,5,MAY,26,21,THURSDAY,5
2016-05-27,2016,2,5,21,2016,Q2,5,MAY,27,22,FRIDAY,6
2016-05-28,2016,2,5,21,2016,Q2,5,MAY,28,22,SATURDAY,7
2016-05-29,2016,2,5,22,2016,Q2,5,MAY,29,22,SUNDAY,1
2016-05-30,2016,2,5,22,2016,Q2,5,MAY,30,22,MONDAY,2
2016-05-31,2016,2,5,22,2016,Q2,5,MAY,31,22,TUESDAY,3
2016-06-01,2016,2,5,22,2016,Q2,6,JUN,1,22,WEDNESDAY,4
2016-06-02,2016,2,5,22,2016,Q2,6,JUN,2,22,THURSDAY,5
2016-06-03,2016,2,5,22,2016,Q2,6,JUN,3,23,FRIDAY,6
2016-06-04,2016,2,5,22,2016,Q2,6,JUN,4,23,SATURDAY,7
2016-06-05,2016,2,6,23,2016,Q2,6,JUN,5,23,SUNDAY,1
2016-06-06,2016,2,6,23,2016,Q2,6,JUN,6,23,MONDAY,2
2016-06-07,2016,2,6,23,2016,Q2,6,JUN,7,23,TUESDAY,3
2016-06-08,2016,2,6,23,2016,Q2,6,JUN,8,23,WEDNESDAY,4
2016-06-09,2016,2,6,23,2016,Q2,6,JUN,9,23,THURSDAY,5
2016-06-10,2016,2,6,23,2016,Q2,6,JUN,10,24,FRIDAY,6
2016-06-11,2016,2,6,23,2016,Q2,6,JUN,11,24,SATURDAY,7
2016-06-12,2016,2,6,24,2016,Q2,6,JUN,12,24,SUNDAY,1
2016-06-13,2016,2,6,24,2016,Q2,6,JUN,13,24,MONDAY,2
2016-06-14,2016,2,6,24,2016,Q2,6,JUN,14,24,TUESDAY,3
2016-06-15,2016,2,6,24,2016,Q2,6,JUN,15,24,WEDNESDAY,4
2016-06-16,2016,2,6,24,2016,Q2,6,JUN,16,24,THURSDAY,5
2016-06-17,2016,2,6,24,2016,Q2,6,JUN,17,25,FRIDAY,6
2016-06-18,2016,2,6,24,2016,Q2,6,JUN,18,25,SATURDAY,7
2016-06-19,2016,2,6,25,2016,Q2,6,JUN,19,25,SUNDAY,1
2016-06-20,2016,2,6,25,2016,Q2,6,JUN,20,25,MONDAY,2
2016-06-21,2016,2,6,25,2016,Q2,6,JUN,21,25,TUESDAY,3
2016-06-22,2016,2,6,25,2016,Q2,6,JUN,22,25,WEDNESDAY,4
2016-06-23,2016,2,6,25,2016,Q2,6,JUN,23,25,THURSDAY,5
2016-06-24,2016,2,6,25,2016,Q2,6,JUN,24,26,FRIDAY,6
2016-06-25,2016,2,6,25,2016,Q2,6,JUN,25,26,SATURDAY,7
2016-06-26,2016,2,6,26,2016,Q2,6,JUN,26,26,SUNDAY,1
2016-06-27,2016,2,6,26,2016,Q2,6,JUN,27,26,MONDAY,2
2016-06-28,2016,2,6,26,2016,Q2,6,JUN,28,26,TUESDAY,3
2016-06-29,2016,2,6,26,2016,Q2,6,JUN,29,26,WEDNESDAY,4
2016-06-30,2016,2,6,26,2016,Q2,6,JUN,30,26,THURSDAY,5
2016-07-01,2016,2,6,26,2016,Q3,7,JUL,1,27,FRIDAY,6
2016-07-02,2016,2,6,26,2016,Q3,7,JUL,2,27,SATURDAY,7
2016-07-03,2016,3,7,27,2016,Q3,7,JUL,3,27,SUNDAY,1
2016-07-04,2016,3,7,27,2016,Q3,7,JUL,4,27,MONDAY,2
2016-07-05,2016,3,7,27,2016,Q3,7,JUL,5,27,TUESDAY,3
2016-07-06,2016,3,7,27,2016,Q3,7,JUL,6,27,WEDNESDAY,4
2016-07-07,2016,3,7,27,2016,Q3,7,JUL,7,27,THURSDAY,5
2016-07-08,2016,3,7,27,2016,Q3,7,JUL,8,28,FRIDAY,6
2016-07-09,2016,3,7,27,2016,Q3,7,JUL,9,28,SATURDAY,7
2016-07-10,2016,3,7,28,2016,Q3,7,JUL,10,28,SUNDAY,1
2016-07-11,2016,3,7,28,2016,Q3,7,JUL,11,28,MONDAY,2
2016-07-12,2016,3,7,28,2016,Q3,7,JUL,12,28,TUESDAY,3
2016-07-13,2016,3,7,28,2016,Q3,7,JUL,13,28,WEDNESDAY,4
2016-07-14,2016,3,7,28,2016,Q3,7,JUL,14,28,THURSDAY,5
2016-07-15,2016,3,7,28,2016,Q3,7,JUL,15,29,FRIDAY,6
2016-07-16,2016,3,7,28,2016,Q3,7,JUL,16,29,SATURDAY,7
2016-07-17,2016,3,7,29,2016,Q3,7,JUL,17,29,SUNDAY,1
2016-07-18,2016,3,7,29,2016,Q3,7,JUL,18,29,MONDAY,2
2016-07-19,2016,3,7,29,2016,Q3,7,JUL,19,29,TUESDAY,3
2016-07-20,2016,3,7,29,2016,Q3,7,JUL,20,29,WEDNESDAY,4
2016-07-21,2016,3,7,29,2016,Q3,7,JUL,21,29,THURSDAY,5
2016-07-22,2016,3,7,29,2016,Q3,7,JUL,22,30,FRIDAY,6
2016-07-23,2016,3,7,29,2016,Q3,7,JUL,23,30,SATURDAY,7
2016-07-24,2016,3,7,30,2016,Q3,7,JUL,24,30,SUNDAY,1
2016-07-25,2016,3,7,30,2016,Q3,7,JUL,25,30,MONDAY,2
2016-07-26,2016,3,7,30,2016,Q3,7,JUL,26,30,TUESDAY,3
2016-07-27,2016,3,7,30,2016,Q3,7,JUL,27,30,WEDNESDAY,4
2016-07-28,2016,3,7,30,2016,Q3,7,JUL,28,30,THURSDAY,5
2016-07-29,2016,3,7,30,2016,Q3,7,JUL,29,31,FRIDAY,6
2016-07-30,2016,3,7,30,2016,Q3,7,JUL,30,31,SATURDAY,7
2016-07-31,2016,3,8,31,2016,Q3,7,JUL,31,31,SUNDAY,1
2016-08-01,2016,3,8,31,2016,Q3,8,AUG,1,31,MONDAY,2
2016-08-02,2016,3,8,31,2016,Q3,8,AUG,2,31,TUESDAY,3
2016-08-03,2016,3,8,31,2016,Q3,8,AUG,3,31,WEDNESDAY,4
2016-08-04,2016,3,8,31,2016,Q3,8,AUG,4,31,THURSDAY,5
2016-08-05,2016,3,8,31,2016,Q3,8,AUG,5,32,FRIDAY,6
2016-08-06,2016,3,8,31,2016,Q3,8,AUG,6,32,SATURDAY,7
2016-08-07,2016,3,8,32,2016,Q3,8,AUG,7,32,SUNDAY,1
2016-08-08,2016,3,8,32,2016,Q3,8,AUG,8,32,MONDAY,2
2016-08-09,2016,3,8,32,2016,Q3,8,AUG,9,32,TUESDAY,3
2016-08-10,2016,3,8,32,2016,Q3,8,AUG,10,32,WEDNESDAY,4
2016-08-11,2016,3,8,32,2016,Q3,8,AUG,11,32,THURSDAY,5
2016-08-12,2016,3,8,32,2016,Q3,8,AUG,12,33,FRIDAY,6
2016-08-13,2016,3,8,32,2016,Q3,8,AUG,13,33,SATURDAY,7
2016-08-14,2016,3,8,33,2016,Q3,8,AUG,14,33,SUNDAY,1
2016-08-15,2016,3,8,33,2016,Q3,8,AUG,15,33,MONDAY,2
2016-08-16,2016,3,8,33,2016,Q3,8,AUG,16,33,TUESDAY,3
2016-08-17,2016,3,8,33,2016,Q3,8,AUG,17,33,WEDNESDAY,4
2016-08-18,2016,3,8,33,2016,Q3,8,AUG,18,33,THURSDAY,5
2016-08-19,2016,3,8,33,2016,Q3,8,AUG,19,34,FRIDAY,6
2016-08-20,2016,3,8,33,2016,Q3,8,AUG,20,34,SATURDAY,7
2016-08-21,2016,3,8,34,2016,Q3,8,AUG,21,34,SUNDAY,1
2016-08-22,2016,3,8,34,2016,Q3,8,AUG,22,34,MONDAY,2
2016-08-23,2016,3,8,34,2016,Q3,8,AUG,23,34,TUESDAY,3
2016-08-24,2016,3,8,34,2016,Q3,8,AUG,24,34,WEDNESDAY,4
2016-08-25,2016,3,8,34,2016,Q3,8,AUG,25,34,THURSDAY,5
2016-08-26,2016,3,8,34,2016,Q3,8,AUG,26,35,FRIDAY,6
2016-08-27,2016,3,8,34,2016,Q3,8,AUG,27,35,SATURDAY,7
2016-08-28,2016,3,8,35,2016,Q3,8,AUG,28,35,SUNDAY,1
2016-08-29,2016,3,8,35,2016,Q3,8,AUG,29,35,MONDAY,2
2016-08-30,2016,3,8,35,2016,Q3,8,AUG,30,35,TUESDAY,3
2016-08-31,2016,3,8,35,2016,Q3,8,AUG,31,35,WEDNESDAY,4
2016-09-01,2016,3,8,35,2016,Q3,9,SEP,1,35,THURSDAY,5
2016-09-02,2016,3,8,35,2016,Q3,9,SEP,2,36,FRIDAY,6
2016-09-03,2016,3,8,35,2016,Q3,9,SEP,3,36,SATURDAY,7
2016-09-04,2016,3,9,36,2016,Q3,9,SEP,4,36,SUNDAY,1
2016-09-05,2016,3,9,36,2016,Q3,9,SEP,5,36,MONDAY,2
2016-09-06,2016,3,9,36,2016,Q3,9,SEP,6,36,TUESDAY,3
2016-09-07,2016,3,9,36,2016,Q3,9,SEP,7,36,WEDNESDAY,4
2016-09-08,2016,3,9,36,2016,Q3,9,SEP,8,36,THURSDAY,5
2016-09-09,2016,3,9,36,2016,Q3,9,SEP,9,37,FRIDAY,6
2016-09-10,2016,3,9,36,2016,Q3,9,SEP,10,37,SATURDAY,7
2016-09-11,2016,3,9,37,2016,Q3,9,SEP,11,37,SUNDAY,1
2016-09-12,2016,3,9,37,2016,Q3,9,SEP,12,37,MONDAY,2
2016-09-13,2016,3,9,37,2016,Q3,9,SEP,13,37,TUESDAY,3
2016-09-14,2016,3,9,37,2016,Q3,9,SEP,14,37,WEDNESDAY,4
2016-09-15,2016,3,9,37,2016,Q3,9,SEP,15,37,THURSDAY,5
2016-09-16,2016,3,9,37,2016,Q3,9,SEP,16,38,FRIDAY,6
2016-09-17,2016,3,9,37,2016,Q3,9,SEP,17,38,SATURDAY,7
2016-09-18,2016,3,9,38,2016,Q3,9,SEP,18,38,SUNDAY,1
2016-09-19,2016,3,9,38,2016,Q3,9,SEP,19,38,MONDAY,2
2016-09-20,2016,3,9,38,2016,Q3,9,SEP,20,38,TUESDAY,3
2016-09-21,2016,3,9,38,2016,Q3,9,SEP,21,38,WEDNESDAY,4
2016-09-22,2016,3,9,38,2016,Q3,9,SEP,22,38,THURSDAY,5
2016-09-23,2016,3,9,38,2016,Q3,9,SEP,23,39,FRIDAY,6
2016-09-24,2016,3,9,38,2016,Q3,9,SEP,24,39,SATURDAY,7
2016-09-25,2016,3,9,39,2016,Q3,9,SEP,25,39,SUNDAY,1
2016-09-26,2016,3,9,39,2016,Q3,9,SEP,26,39,MONDAY,2
2016-09-27,2016,3,9,39,2016,Q3,9,SEP,27,39,TUESDAY,3
2016-09-28,2016,3,9,39,2016,Q3,9,SEP,28,39,WEDNESDAY,4
2016-09-29,2016,3,9,39,2016,Q3,9,SEP,29,39,THURSDAY,5
2016-09-30,2016,3,9,39,2016,Q3,9,SEP,30,40,FRIDAY,6
2016-10-01,2016,3,9,39,2016,Q4,10,OCT,1,40,SATURDAY,7
2016-10-02,2016,4,10,40,2016,Q4,10,OCT,2,40,SUNDAY,1
2016-10-03,2016,4,10,40,2016,Q4,10,OCT,3,40,MONDAY,2
2016-10-04,2016,4,10,40,2016,Q4,10,OCT,4,40,TUESDAY,3
2016-10-05,2016,4,10,40,2016,Q4,10,OCT,5,40,WEDNESDAY,4
2016-10-06,2016,4,10,40,2016,Q4,10,OCT,6,40,THURSDAY,5
2016-10-07,2016,4,10,40,2016,Q4,10,OCT,7,41,FRIDAY,6
2016-10-08,2016,4,10,40,2016,Q4,10,OCT,8,41,SATURDAY,7
2016-10-09,2016,4,10,41,2016,Q4,10,OCT,9,41,SUNDAY,1
2016-10-10,2016,4,10,41,2016,Q4,10,OCT,10,41,MONDAY,2
2016-10-11,2016,4,10,41,2016,Q4,10,OCT,11,41,TUESDAY,3
2016-10-12,2016,4,10,41,2016,Q4,10,OCT,12,41,WEDNESDAY,4
2016-10-13,2016,4,10,41,2016,Q4,10,OCT,13,41,THURSDAY,5
2016-10-14,2016,4,10,41,2016,Q4,10,OCT,14,42,FRIDAY,6
2016-10-15,2016,4,10,41,2016,Q4,10,OCT,15,42,SATURDAY,7
2016-10-16,2016,4,10,42,2016,Q4,10,OCT,16,42,SUNDAY,1
2016-10-17,2016,4,10,42,2016,Q4,10,OCT,17,42,MONDAY,2
2016-10-18,2016,4,10,42,2016,Q4,10,OCT,18,42,TUESDAY,3
2016-10-19,2016,4,10,42,2016,Q4,10,OCT,19,42,WEDNESDAY,4
2016-10-20,2016,4,10,42,2016,Q4,10,OCT,20,42,THURSDAY,5
2016-10-21,2016,4,10,42,2016,Q4,10,OCT,21,43,FRIDAY,6
2016-10-22,2016,4,10,42,2016,Q4,10,OCT,22,43,SATURDAY,7
2016-10-23,2016,4,10,43,2016,Q4,10,OCT,23,43,SUNDAY,1
2016-10-24,2016,4,10,43,2016,Q4,10,OCT,24,43,MONDAY,2
2016-10-25,2016,4,10,43,2016,Q4,10,OCT,25,43,TUESDAY,3
2016-10-26,2016,4,10,43,2016,Q4,10,OCT,26,43,WEDNESDAY,4
2016-10-27,2016,4,10,43,2016,Q4,10,OCT,27,43,THURSDAY,5
2016-10-28,2016,4,10,43,2016,Q4,10,OCT,28,44,FRIDAY,6
2016-10-29,2016,4,10,43,2016,Q4,10,OCT,29,44,SATURDAY,7
2016-10-30,2016,4,11,44,2016,Q4,10,OCT,30,44,SUNDAY,1
2016-10-31,2016,4,11,44,2016,Q4,10,OCT,31,44,MONDAY,2
2016-11-01,2016,4,11,44,2016,Q4,11,NOV,1,44,TUESDAY,3
2016-11-02,2016,4,11,44,2016,Q4,11,NOV,2,44,WEDNESDAY,4
2016-11-03,2016,4,11,44,2016,Q4,11,NOV,3,44,THURSDAY,5
2016-11-04,2016,4,11,44,2016,Q4,11,NOV,4,45,FRIDAY,6
2016-11-05,2016,4,11,44,2016,Q4,11,NOV,5,45,SATURDAY,7
2016-11-06,2016,4,11,45,2016,Q4,11,NOV,6,45,SUNDAY,1
2016-11-07,2016,4,11,45,2016,Q4,11,NOV,7,45,MONDAY,2
2016-11-08,2016,4,11,45,2016,Q4,11,NOV,8,45,TUESDAY,3
2016-11-09,2016,4,11,45,2016,Q4,11,NOV,9,45,WEDNESDAY,4
2016-11-10,2016,4,11,45,2016,Q4,11,NOV,10,45,THURSDAY,5
2016-11-11,2016,4,11,45,2016,Q4,11,NOV,11,46,FRIDAY,6
2016-11-12,2016,4,11,45,2016,Q4,11,NOV,12,46,SATURDAY,7
2016-11-13,2016,4,11,46,2016,Q4,11,NOV,13,46,SUNDAY,1
2016-11-14,2016,4,11,46,2016,Q4,11,NOV,14,46,MONDAY,2
2016-11-15,2016,4,11,46,2016,Q4,11,NOV,15,46,TUESDAY,3
2016-11-16,2016,4,11,46,2016,Q4,11,NOV,16,46,WEDNESDAY,4
2016-11-17,2016,4,11,46,2016,Q4,11,NOV,17,46,THURSDAY,5
2016-11-18,2016,4,11,46,2016,Q4,11,NOV,18,47,FRIDAY,6
2016-11-19,2016,4,11,46,2016,Q4,11,NOV,19,47,SATURDAY,7
2016-11-20,2016,4,11,47,2016,Q4,11,NOV,20,47,SUNDAY,1
2016-11-21,2016,4,11,47,2016,Q4,11,NOV,21,47,MONDAY,2
2016-11-22,2016,4,11,47,2016,Q4,11,NOV,22,47,TUESDAY,3
2016-11-23,2016,4,11,47,2016,Q4,11,NOV,23,47,WEDNESDAY,4
2016-11-24,2016,4,11,47,2016,Q4,11,NOV,24,47,THURSDAY,5
2016-11-25,2016,4,11,47,2016,Q4,11,NOV,25,48,FRIDAY,6
2016-11-26,2016,4,11,47,2016,Q4,11,NOV,26,48,SATURDAY,7
2016-11-27,2016,4,11,48,2016,Q4,11,NOV,27,48,SUNDAY,1
2016-11-28,2016,4,11,48,2016,Q4,11,NOV,28,48,MONDAY,2
2016-11-29,2016,4,11,48,2016,Q4,11,NOV,29,48,TUESDAY,3
2016-11-30,2016,4,11,48,2016,Q4,11,NOV,30,48,WEDNESDAY,4
2016-12-01,2016,4,11,48,2016,Q4,12,DEC,1,48,THURSDAY,5
2016-12-02,2016,4,11,48,2016,Q4,12,DEC,2,49,FRIDAY,6
2016-12-03,2016,4,11,48,2016,Q4,12,DEC,3,49,SATURDAY,7
2016-12-04,2016,4,12,49,2016,Q4,12,DEC,4,49,SUNDAY,1
2016-12-05,2016,4,12,49,2016,Q4,12,DEC,5,49,MONDAY,2
2016-12-06,2016,4,12,49,2016,Q4,12,DEC,6,49,TUESDAY,3
2016-12-07,2016,4,12,49,2016,Q4,12,DEC,7,49,WEDNESDAY,4
2016-12-08,2016,4,12,49,2016,Q4,12,DEC,8,49,THURSDAY,5
2016-12-09,2016,4,12,49,2016,Q4,12,DEC,9,50,FRIDAY,6
2016-12-10,2016,4,12,49,2016,Q4,12,DEC,10,50,SATURDAY,7
2016-12-11,2016,4,12,50,2016,Q4,12,DEC,11,50,SUNDAY,1
2016-12-12,2016,4,12,50,2016,Q4,12,DEC,12,50,MONDAY,2
2016-12-13,2016,4,12,50,2016,Q4,12,DEC,13,50,TUESDAY,3
2016-12-14,2016,4,12,50,2016,Q4,12,DEC,14,50,WEDNESDAY,4
2016-12-15,2016,4,12,50,2016,Q4,12,DEC,15,50,THURSDAY,5
2016-12-16,2016,4,12,50,2016,Q4,12,DEC,16,51,FRIDAY,6
2016-12-17,2016,4,12,50,2016,Q4,12,DEC,17,51,SATURDAY,7
2016-12-18,2016,4,12,51,2016,Q4,12,DEC,18,51,SUNDAY,1
2016-12-19,2016,4,12,51,2016,Q4,12,DEC,19,51,MONDAY,2
2016-12-20,2016,4,12,51,2016,Q4,12,DEC,20,51,TUESDAY,3
2016-12-21,2016,4,12,51,2016,Q4,12,DEC,21,51,WEDNESDAY,4
2016-12-22,2016,4,12,51,2016,Q4,12,DEC,22,51,THURSDAY,5
2016-12-23,2016,4,12,51,2016,Q4,12,DEC,23,52,FRIDAY,6
2016-12-24,2016,4,12,51,2016,Q4,12,DEC,24,52,SATURDAY,7
2016-12-25,2016,4,12,52,2016,Q4,12,DEC,25,52,SUNDAY,1
2016-12-26,2016,4,12,52,2016,Q4,12,DEC,26,52,MONDAY,2
2016-12-27,2016,4,12,52,2016,Q4,12,DEC,27,52,TUESDAY,3
2016-12-28,2016,4,12,52,2016,Q4,12,DEC,28,52,WEDNESDAY,4
2016-12-29,2016,4,12,52,2016,Q4,12,DEC,29,52,THURSDAY,5
2016-12-30,2016,4,12,52,2016,Q4,12,DEC,30,53,FRIDAY,6
2016-12-31,2016,4,12,52,2016,Q4,12,DEC,31,53,SATURDAY,7
2017-01-01,2017,1,1,1,2017,Q1,1,JAN,1,1,SUNDAY,1
2017-01-02,2017,1,1,1,2017,Q1,1,JAN,2,1,MONDAY,2
2017-01-03,2017,1,1,1,2017,Q1,1,JAN,3,1,TUESDAY,3
2017-01-04,2017,1,1,1,2017,Q1,1,JAN,4,1,WEDNESDAY,4
2017-01-05,2017,1,1,1,2017,Q1,1,JAN,5,1,THURSDAY,5
2017-01-06,2017,1,1,1,2017,Q1,1,JAN,6,1,FRIDAY,6
2017-01-07,2017,1,1,1,2017,Q1,1,JAN,7,1,SATURDAY,7
2017-01-08,2017,1,1,2,2017,Q1,1,JAN,8,2,SUNDAY,1
2017-01-09,2017,1,1,2,2017,Q1,1,JAN,9,2,MONDAY,2
2017-01-10,2017,1,1,2,2017,Q1,1,JAN,10,2,TUESDAY,3
2017-01-11,2017,1,1,2,2017,Q1,1,JAN,11,2,WEDNESDAY,4
2017-01-12,2017,1,1,2,2017,Q1,1,JAN,12,2,THURSDAY,5
2017-01-13,2017,1,1,2,2017,Q1,1,JAN,13,2,FRIDAY,6
2017-01-14,2017,1,1,2,2017,Q1,1,JAN,14,2,SATURDAY,7
2017-01-15,2017,1,1,3,2017,Q1,1,JAN,15,3,SUNDAY,1
2017-01-16,2017,1,1,3,2017,Q1,1,JAN,16,3,MONDAY,2
2017-01-17,2017,1,1,3,2017,Q1,1,JAN,17,3,TUESDAY,3
2017-01-18,2017,1,1,3,2017,Q1,1,JAN,18,3,WEDNESDAY,4
2017-01-19,2017,1,1,3,2017,Q1,1,JAN,19,3,THURSDAY,5
2017-01-20,2017,1,1,3,2017,Q1,1,JAN,20,3,FRIDAY,6
2017-01-21,2017,1,1,3,2017,Q1,1,JAN,21,3,SATURDAY,7
2017-01-22,2017,1,1,4,2017,Q1,1,JAN,22,4,SUNDAY,1
2017-01-23,2017,1,1,4,2017,Q1,1,JAN,23,4,MONDAY,2
2017-01-24,2017,1,1,4,2017,Q1,1,JAN,24,4,TUESDAY,3
2017-01-25,2017,1,1,4,2017,Q1,1,JAN,25,4,WEDNESDAY,4
2017-01-26,2017,1,1,4,2017,Q1,1,JAN,26,4,THURSDAY,5
2017-01-27,2017,1,1,4,2017,Q1,1,JAN,27,4,FRIDAY,6
2017-01-28,2017,1,1,4,2017,Q1,1,JAN,28,4,SATURDAY,7
2017-01-29,2017,1,2,5,2017,Q1,1,JAN,29,5,SUNDAY,1
2017-01-30,2017,1,2,5,2017,Q1,1,JAN,30,5,MONDAY,2
2017-01-31,2017,1,2,5,2017,Q1,1,JAN,31,5,TUESDAY,3
2017-02-01,2017,1,2,5,2017,Q1,2,FEB,1,5,WEDNESDAY,4
2017-02-02,2017,1,2,5,2017,Q1,2,FEB,2,5,THURSDAY,5
2017-02-03,2017,1,2,5,2017,Q1,2,FEB,3,5,FRIDAY,6
2017-02-04,2017,1,2,5,2017,Q1,2,FEB,4,5,SATURDAY,7
2017-02-05,2017,1,2,6,2017,Q1,2,FEB,5,6,SUNDAY,1
2017-02-06,2017,1,2,6,2017,Q1,2,FEB,6,6,MONDAY,2
2017-02-07,2017,1,2,6,2017,Q1,2,FEB,7,6,TUESDAY,3
2017-02-08,2017,1,2,6,2017,Q1,2,FEB,8,6,WEDNESDAY,4
2017-02-09,2017,1,2,6,2017,Q1,2,FEB,9,6,THURSDAY,5
2017-02-10,2017,1,2,6,2017,Q1,2,FEB,10,6,FRIDAY,6
2017-02-11,2017,1,2,6,2017,Q1,2,FEB,11,6,SATURDAY,7
2017-02-12,2017,1,2,7,2017,Q1,2,FEB,12,7,SUNDAY,1
2017-02-13,2017,1,2,7,2017,Q1,2,FEB,13,7,MONDAY,2
2017-02-14,2017,1,2,7,2017,Q1,2,FEB,14,7,TUESDAY,3
2017-02-15,2017,1,2,7,2017,Q1,2,FEB,15,7,WEDNESDAY,4
2017-02-16,2017,1,2,7,2017,Q1,2,FEB,16,7,THURSDAY,5
2017-02-17,2017,1,2,7,2017,Q1,2,FEB,17,7,FRIDAY,6
2017-02-18,2017,1,2,7,2017,Q1,2,FEB,18,7,SATURDAY,7
2017-02-19,2017,1,2,8,2017,Q1,2,FEB,19,8,SUNDAY,1
2017-02-20,2017,1,2,8,2017,Q1,2,FEB,20,8,MONDAY,2
2017-02-21,2017,1,2,8,2017,Q1,2,FEB,21,8,TUESDAY,3
2017-02-22,2017,1,2,8,2017,Q1,2,FEB,22,8,WEDNESDAY,4
2017-02-23,2017,1,2,8,2017,Q1,2,FEB,23,8,THURSDAY,5
2017-02-24,2017,1,2,8,2017,Q1,2,FEB,24,8,FRIDAY,6
2017-02-25,2017,1,2,8,2017,Q1,2,FEB,25,8,SATURDAY,7
2017-02-26,2017,1,2,9,2017,Q1,2,FEB,26,9,SUNDAY,1
2017-02-27,2017,1,2,9,2017,Q1,2,FEB,27,9,MONDAY,2
2017-02-28,2017,1,2,9,2017,Q1,2,FEB,28,9,TUESDAY,3
2017-03-01,2017,1,2,9,2017,Q1,3,MAR,1,9,WEDNESDAY,4
2017-03-02,2017,1,2,9,2017,Q1,3,MAR,2,9,THURSDAY,5
2017-03-03,2017,1,2,9,2017,Q1,3,MAR,3,9,FRIDAY,6
2017-03-04,2017,1,2,9,2017,Q1,3,MAR,4,9,SATURDAY,7
2017-03-05,2017,1,3,10,2017,Q1,3,MAR,5,10,SUNDAY,1
2017-03-06,2017,1,3,10,2017,Q1,3,MAR,6,10,MONDAY,2
2017-03-07,2017,1,3,10,2017,Q1,3,MAR,7,10,TUESDAY,3
2017-03-08,2017,1,3,10,2017,Q1,3,MAR,8,10,WEDNESDAY,4
2017-03-09,2017,1,3,10,2017,Q1,3,MAR,9,10,THURSDAY,5
2017-03-10,2017,1,3,10,2017,Q1,3,MAR,10,10,FRIDAY,6
2017-03-11,2017,1,3,10,2017,Q1,3,MAR,11,10,SATURDAY,7
2017-03-12,2017,1,3,11,2017,Q1,3,MAR,12,11,SUNDAY,1
2017-03-13,2017,1,3,11,2017,Q1,3,MAR,13,11,MONDAY,2
2017-03-14,2017,1,3,11,2017,Q1,3,MAR,14,11,TUESDAY,3
2017-03-15,2017,1,3,11,2017,Q1,3,MAR,15,11,WEDNESDAY,4
2017-03-16,2017,1,3,11,2017,Q1,3,MAR,16,11,THURSDAY,5
2017-03-17,2017,1,3,11,2017,Q1,3,MAR,17,11,FRIDAY,6
2017-03-18,2017,1,3,11,2017,Q1,3,MAR,18,11,SATURDAY,7
2017-03-19,2017,1,3,12,2017,Q1,3,MAR,19,12,SUNDAY,1
2017-03-20,2017,1,3,12,2017,Q1,3,MAR,20,12,MONDAY,2
2017-03-21,2017,1,3,12,2017,Q1,3,MAR,21,12,TUESDAY,3
2017-03-22,2017,1,3,12,2017,Q1,3,MAR,22,12,WEDNESDAY,4
2017-03-23,2017,1,3,12,2017,Q1,3,MAR,23,12,THURSDAY,5
2017-03-24,2017,1,3,12,2017,Q1,3,MAR,24,12,FRIDAY,6
2017-03-25,2017,1,3,12,2017,Q1,3,MAR,25,12,SATURDAY,7
2017-03-26,2017,1,3,13,2017,Q1,3,MAR,26,13,SUNDAY,1
2017-03-27,2017,1,3,13,2017,Q1,3,MAR,27,13,MONDAY,2
2017-03-28,2017,1,3,13,2017,Q1,3,MAR,28,13,TUESDAY,3
2017-03-29,2017,1,3,13,2017,Q1,3,MAR,29,13,WEDNESDAY,4
2017-03-30,2017,1,3,13,2017,Q1,3,MAR,30,13,THURSDAY,5
2017-03-31,2017,1,3,13,2017,Q1,3,MAR,31,13,FRIDAY,6
2017-04-01,2017,1,3,13,2017,Q2,4,APR,1,13,SATURDAY,7
2017-04-02,2017,2,4,14,2017,Q2,4,APR,2,14,SUNDAY,1
2017-04-03,2017,2,4,14,2017,Q2,4,APR,3,14,MONDAY,2
2017-04-04,2017,2,4,14,2017,Q2,4,APR,4,14,TUESDAY,3
2017-04-05,2017,2,4,14,2017,Q2,4,APR,5,14,WEDNESDAY,4
2017-04-06,2017,2,4,14,2017,Q2,4,APR,6,14,THURSDAY,5
2017-04-07,2017,2,4,14,2017,Q2,4,APR,7,14,FRIDAY,6
2017-04-08,2017,2,4,14,2017,Q2,4,APR,8,14,SATURDAY,7
2017-04-09,2017,2,4,15,2017,Q2,4,APR,9,15,SUNDAY,1
2017-04-10,2017,2,4,15,2017,Q2,4,APR,10,15,MONDAY,2
2017-04-11,2017,2,4,15,2017,Q2,4,APR,11,15,TUESDAY,3
2017-04-12,2017,2,4,15,2017,Q2,4,APR,12,15,WEDNESDAY,4
2017-04-13,2017,2,4,15,2017,Q2,4,APR,13,15,THURSDAY,5
2017-04-14,2017,2,4,15,2017,Q2,4,APR,14,15,FRIDAY,6
2017-04-15,2017,2,4,15,2017,Q2,4,APR,15,15,SATURDAY,7
2017-04-16,2017,2,4,16,2017,Q2,4,APR,16,16,SUNDAY,1
2017-04-17,2017,2,4,16,2017,Q2,4,APR,17,16,MONDAY,2
2017-04-18,2017,2,4,16,2017,Q2,4,APR,18,16,TUESDAY,3
2017-04-19,2017,2,4,16,2017,Q2,4,APR,19,16,WEDNESDAY,4
2017-04-20,2017,2,4,16,2017,Q2,4,APR,20,16,THURSDAY,5
2017-04-21,2017,2,4,16,2017,Q2,4,APR,21,16,FRIDAY,6
2017-04-22,2017,2,4,16,2017,Q2,4,APR,22,16,SATURDAY,7
2017-04-23,2017,2,4,17,2017,Q2,4,APR,23,17,SUNDAY,1
2017-04-24,2017,2,4,17,2017,Q2,4,APR,24,17,MONDAY,2
2017-04-25,2017,2,4,17,2017,Q2,4,APR,25,17,TUESDAY,3
2017-04-26,2017,2,4,17,2017,Q2,4,APR,26,17,WEDNESDAY,4
2017-04-27,2017,2,4,17,2017,Q2,4,APR,27,17,THURSDAY,5
2017-04-28,2017,2,4,17,2017,Q2,4,APR,28,17,FRIDAY,6
2017-04-29,2017,2,4,17,2017,Q2,4,APR,29,17,SATURDAY,7
2017-04-30,2017,2,5,18,2017,Q2,4,APR,30,18,SUNDAY,1
2017-05-01,2017,2,5,18,2017,Q2,5,MAY,1,18,MONDAY,2
2017-05-02,2017,2,5,18,2017,Q2,5,MAY,2,18,TUESDAY,3
2017-05-03,2017,2,5,18,2017,Q2,5,MAY,3,18,WEDNESDAY,4
2017-05-04,2017,2,5,18,2017,Q2,5,MAY,4,18,THURSDAY,5
2017-05-05,2017,2,5,18,2017,Q2,5,MAY,5,18,FRIDAY,6
2017-05-06,2017,2,5,18,2017,Q2,5,MAY,6,18,SATURDAY,7
2017-05-07,2017,2,5,19,2017,Q2,5,MAY,7,19,SUNDAY,1
2017-05-08,2017,2,5,19,2017,Q2,5,MAY,8,19,MONDAY,2
2017-05-09,2017,2,5,19,2017,Q2,5,MAY,9,19,TUESDAY,3
2017-05-10,2017,2,5,19,2017,Q2,5,MAY,10,19,WEDNESDAY,4
2017-05-11,2017,2,5,19,2017,Q2,5,MAY,11,19,THURSDAY,5
2017-05-12,2017,2,5,19,2017,Q2,5,MAY,12,19,FRIDAY,6
2017-05-13,2017,2,5,19,2017,Q2,5,MAY,13,19,SATURDAY,7
2017-05-14,2017,2,5,20,2017,Q2,5,MAY,14,20,SUNDAY,1
2017-05-15,2017,2,5,20,2017,Q2,5,MAY,15,20,MONDAY,2
2017-05-16,2017,2,5,20,2017,Q2,5,MAY,16,20,TUESDAY,3
2017-05-17,2017,2,5,20,2017,Q2,5,MAY,17,20,WEDNESDAY,4
2017-05-18,2017,2,5,20,2017,Q2,5,MAY,18,20,THURSDAY,5
2017-05-19,2017,2,5,20,2017,Q2,5,MAY,19,20,FRIDAY,6
2017-05-20,2017,2,5,20,2017,Q2,5,MAY,20,20,SATURDAY,7
2017-05-21,2017,2,5,21,2017,Q2,5,MAY,21,21,SUNDAY,1
2017-05-22,2017,2,5,21,2017,Q2,5,MAY,22,21,MONDAY,2
2017-05-23,2017,2,5,21,2017,Q2,5,MAY,23,21,TUESDAY,3
2017-05-24,2017,2,5,21,2017,Q2,5,MAY,24,21,WEDNESDAY,4
2017-05-25,2017,2,5,21,2017,Q2,5,MAY,25,21,THURSDAY,5
2017-05-26,2017,2,5,21,2017,Q2,5,MAY,26,21,FRIDAY,6
2017-05-27,2017,2,5,21,2017,Q2,5,MAY,27,21,SATURDAY,7
2017-05-28,2017,2,5,22,2017,Q2,5,MAY,28,22,SUNDAY,1
2017-05-29,2017,2,5,22,2017,Q2,5,MAY,29,22,MONDAY,2
2017-05-30,2017,2,5,22,2017,Q2,5,MAY,30,22,TUESDAY,3
2017-05-31,2017,2,5,22,2017,Q2,5,MAY,31,22,WEDNESDAY,4
2017-06-01,2017,2,5,22,2017,Q2,6,JUN,1,22,THURSDAY,5
2017-06-02,2017,2,5,22,2017,Q2,6,JUN,2,22,FRIDAY,6
2017-06-03,2017,2,5,22,2017,Q2,6,JUN,3,22,SATURDAY,7
2017-06-04,2017,2,6,23,2017,Q2,6,JUN,4,23,SUNDAY,1
2017-06-05,2017,2,6,23,2017,Q2,6,JUN,5,23,MONDAY,2
2017-06-06,2017,2,6,23,2017,Q2,6,JUN,6,23,TUESDAY,3
2017-06-07,2017,2,6,23,2017,Q2,6,JUN,7,23,WEDNESDAY,4
2017-06-08,2017,2,6,23,2017,Q2,6,JUN,8,23,THURSDAY,5
2017-06-09,2017,2,6,23,2017,Q2,6,JUN,9,23,FRIDAY,6
2017-06-10,2017,2,6,23,2017,Q2,6,JUN,10,23,SATURDAY,7
2017-06-11,2017,2,6,24,2017,Q2,6,JUN,11,24,SUNDAY,1
2017-06-12,2017,2,6,24,2017,Q2,6,JUN,12,24,MONDAY,2
2017-06-13,2017,2,6,24,2017,Q2,6,JUN,13,24,TUESDAY,3
2017-06-14,2017,2,6,24,2017,Q2,6,JUN,14,24,WEDNESDAY,4
2017-06-15,2017,2,6,24,2017,Q2,6,JUN,15,24,THURSDAY,5
2017-06-16,2017,2,6,24,2017,Q2,6,JUN,16,24,FRIDAY,6
2017-06-17,2017,2,6,24,2017,Q2,6,JUN,17,24,SATURDAY,7
2017-06-18,2017,2,6,25,2017,Q2,6,JUN,18,25,SUNDAY,1
2017-06-19,2017,2,6,25,2017,Q2,6,JUN,19,25,MONDAY,2
2017-06-20,2017,2,6,25,2017,Q2,6,JUN,20,25,TUESDAY,3
2017-06-21,2017,2,6,25,2017,Q2,6,JUN,21,25,WEDNESDAY,4
2017-06-22,2017,2,6,25,2017,Q2,6,JUN,22,25,THURSDAY,5
2017-06-23,2017,2,6,25,2017,Q2,6,JUN,23,25,FRIDAY,6
2017-06-24,2017,2,6,25,2017,Q2,6,JUN,24,25,SATURDAY,7
2017-06-25,2017,2,6,26,2017,Q2,6,JUN,25,26,SUNDAY,1
2017-06-26,2017,2,6,26,2017,Q2,6,JUN,26,26,MONDAY,2
2017-06-27,2017,2,6,26,2017,Q2,6,JUN,27,26,TUESDAY,3
2017-06-28,2017,2,6,26,2017,Q2,6,JUN,28,26,WEDNESDAY,4
2017-06-29,2017,2,6,26,2017,Q2,6,JUN,29,26,THURSDAY,5
2017-06-30,2017,2,6,26,2017,Q2,6,JUN,30,26,FRIDAY,6
2017-07-01,2017,2,6,26,2017,Q3,7,JUL,1,26,SATURDAY,7
2017-07-02,2017,3,7,27,2017,Q3,7,JUL,2,27,SUNDAY,1
2017-07-03,2017,3,7,27,2017,Q3,7,JUL,3,27,MONDAY,2
2017-07-04,2017,3,7,27,2017,Q3,7,JUL,4,27,TUESDAY,3
2017-07-05,2017,3,7,27,2017,Q3,7,JUL,5,27,WEDNESDAY,4
2017-07-06,2017,3,7,27,2017,Q3,7,JUL,6,27,THURSDAY,5
2017-07-07,2017,3,7,27,2017,Q3,7,JUL,7,27,FRIDAY,6
2017-07-08,2017,3,7,27,2017,Q3,7,JUL,8,27,SATURDAY,7
2017-07-09,2017,3,7,28,2017,Q3,7,JUL,9,28,SUNDAY,1
2017-07-10,2017,3,7,28,2017,Q3,7,JUL,10,28,MONDAY,2
2017-07-11,2017,3,7,28,2017,Q3,7,JUL,11,28,TUESDAY,3
2017-07-12,2017,3,7,28,2017,Q3,7,JUL,12,28,WEDNESDAY,4
2017-07-13,2017,3,7,28,2017,Q3,7,JUL,13,28,THURSDAY,5
2017-07-14,2017,3,7,28,2017,Q3,7,JUL,14,28,FRIDAY,6
2017-07-15,2017,3,7,28,2017,Q3,7,JUL,15,28,SATURDAY,7
2017-07-16,2017,3,7,29,2017,Q3,7,JUL,16,29,SUNDAY,1
2017-07-17,2017,3,7,29,2017,Q3,7,JUL,17,29,MONDAY,2
2017-07-18,2017,3,7,29,2017,Q3,7,JUL,18,29,TUESDAY,3
2017-07-19,2017,3,7,29,2017,Q3,7,JUL,19,29,WEDNESDAY,4
2017-07-20,2017,3,7,29,2017,Q3,7,JUL,20,29,THURSDAY,5
2017-07-21,2017,3,7,29,2017,Q3,7,JUL,21,29,FRIDAY,6
2017-07-22,2017,3,7,29,2017,Q3,7,JUL,22,29,SATURDAY,7
2017-07-23,2017,3,7,30,2017,Q3,7,JUL,23,30,SUNDAY,1
2017-07-24,2017,3,7,30,2017,Q3,7,JUL,24,30,MONDAY,2
2017-07-25,2017,3,7,30,2017,Q3,7,JUL,25,30,TUESDAY,3
2017-07-26,2017,3,7,30,2017,Q3,7,JUL,26,30,WEDNESDAY,4
2017-07-27,2017,3,7,30,2017,Q3,7,JUL,27,30,THURSDAY,5
2017-07-28,2017,3,7,30,2017,Q3,7,JUL,28,30,FRIDAY,6
2017-07-29,2017,3,7,30,2017,Q3,7,JUL,29,30,SATURDAY,7
2017-07-30,2017,3,8,31,2017,Q3,7,JUL,30,31,SUNDAY,1
2017-07-31,2017,3,8,31,2017,Q3,7,JUL,31,31,MONDAY,2
2017-08-01,2017,3,8,31,2017,Q3,8,AUG,1,31,TUESDAY,3
2017-08-02,2017,3,8,31,2017,Q3,8,AUG,2,31,WEDNESDAY,4
2017-08-03,2017,3,8,31,2017,Q3,8,AUG,3,31,THURSDAY,5
2017-08-04,2017,3,8,31,2017,Q3,8,AUG,4,31,FRIDAY,6
2017-08-05,2017,3,8,31,2017,Q3,8,AUG,5,31,SATURDAY,7
2017-08-06,2017,3,8,32,2017,Q3,8,AUG,6,32,SUNDAY,1
2017-08-07,2017,3,8,32,2017,Q3,8,AUG,7,32,MONDAY,2
2017-08-08,2017,3,8,32,2017,Q3,8,AUG,8,32,TUESDAY,3
2017-08-09,2017,3,8,32,2017,Q3,8,AUG,9,32,WEDNESDAY,4
2017-08-10,2017,3,8,32,2017,Q3,8,AUG,10,32,THURSDAY,5
2017-08-11,2017,3,8,32,2017,Q3,8,AUG,11,32,FRIDAY,6
2017-08-12,2017,3,8,32,2017,Q3,8,AUG,12,32,SATURDAY,7
2017-08-13,2017,3,8,33,2017,Q3,8,AUG,13,33,SUNDAY,1
2017-08-14,2017,3,8,33,2017,Q3,8,AUG,14,33,MONDAY,2
2017-08-15,2017,3,8,33,2017,Q3,8,AUG,15,33,TUESDAY,3
2017-08-16,2017,3,8,33,2017,Q3,8,AUG,16,33,WEDNESDAY,4
2017-08-17,2017,3,8,33,2017,Q3,8,AUG,17,33,THURSDAY,5
2017-08-18,2017,3,8,33,2017,Q3,8,AUG,18,33,FRIDAY,6
2017-08-19,2017,3,8,33,2017,Q3,8,AUG,19,33,SATURDAY,7
2017-08-20,2017,3,8,34,2017,Q3,8,AUG,20,34,SUNDAY,1
2017-08-21,2017,3,8,34,2017,Q3,8,AUG,21,34,MONDAY,2
2017-08-22,2017,3,8,34,2017,Q3,8,AUG,22,34,TUESDAY,3
2017-08-23,2017,3,8,34,2017,Q3,8,AUG,23,34,WEDNESDAY,4
2017-08-24,2017,3,8,34,2017,Q3,8,AUG,24,34,THURSDAY,5
2017-08-25,2017,3,8,34,2017,Q3,8,AUG,25,34,FRIDAY,6
2017-08-26,2017,3,8,34,2017,Q3,8,AUG,26,34,SATURDAY,7
2017-08-27,2017,3,8,35,2017,Q3,8,AUG,27,35,SUNDAY,1
2017-08-28,2017,3,8,35,2017,Q3,8,AUG,28,35,MONDAY,2
2017-08-29,2017,3,8,35,2017,Q3,8,AUG,29,35,TUESDAY,3
2017-08-30,2017,3,8,35,2017,Q3,8,AUG,30,35,WEDNESDAY,4
2017-08-31,2017,3,8,35,2017,Q3,8,AUG,31,35,THURSDAY,5
2017-09-01,2017,3,8,35,2017,Q3,9,SEP,1,35,FRIDAY,6
2017-09-02,2017,3,8,35,2017,Q3,9,SEP,2,35,SATURDAY,7
2017-09-03,2017,3,9,36,2017,Q3,9,SEP,3,36,SUNDAY,1
2017-09-04,2017,3,9,36,2017,Q3,9,SEP,4,36,MONDAY,2
2017-09-05,2017,3,9,36,2017,Q3,9,SEP,5,36,TUESDAY,3
2017-09-06,2017,3,9,36,2017,Q3,9,SEP,6,36,WEDNESDAY,4
2017-09-07,2017,3,9,36,2017,Q3,9,SEP,7,36,THURSDAY,5
2017-09-08,2017,3,9,36,2017,Q3,9,SEP,8,36,FRIDAY,6
2017-09-09,2017,3,9,36,2017,Q3,9,SEP,9,36,SATURDAY,7
2017-09-10,2017,3,9,37,2017,Q3,9,SEP,10,37,SUNDAY,1
2017-09-11,2017,3,9,37,2017,Q3,9,SEP,11,37,MONDAY,2
2017-09-12,2017,3,9,37,2017,Q3,9,SEP,12,37,TUESDAY,3
2017-09-13,2017,3,9,37,2017,Q3,9,SEP,13,37,WEDNESDAY,4
2017-09-14,2017,3,9,37,2017,Q3,9,SEP,14,37,THURSDAY,5
2017-09-15,2017,3,9,37,2017,Q3,9,SEP,15,37,FRIDAY,6
2017-09-16,2017,3,9,37,2017,Q3,9,SEP,16,37,SATURDAY,7
2017-09-17,2017,3,9,38,2017,Q3,9,SEP,17,38,SUNDAY,1
2017-09-18,2017,3,9,38,2017,Q3,9,SEP,18,38,MONDAY,2
2017-09-19,2017,3,9,38,2017,Q3,9,SEP,19,38,TUESDAY,3
2017-09-20,2017,3,9,38,2017,Q3,9,SEP,20,38,WEDNESDAY,4
2017-09-21,2017,3,9,38,2017,Q3,9,SEP,21,38,THURSDAY,5
2017-09-22,2017,3,9,38,2017,Q3,9,SEP,22,38,FRIDAY,6
2017-09-23,2017,3,9,38,2017,Q3,9,SEP,23,38,SATURDAY,7
2017-09-24,2017,3,9,39,2017,Q3,9,SEP,24,39,SUNDAY,1
2017-09-25,2017,3,9,39,2017,Q3,9,SEP,25,39,MONDAY,2
2017-09-26,2017,3,9,39,2017,Q3,9,SEP,26,39,TUESDAY,3
2017-09-27,2017,3,9,39,2017,Q3,9,SEP,27,39,WEDNESDAY,4
2017-09-28,2017,3,9,39,2017,Q3,9,SEP,28,39,THURSDAY,5
2017-09-29,2017,3,9,39,2017,Q3,9,SEP,29,39,FRIDAY,6
2017-09-30,2017,3,9,39,2017,Q3,9,SEP,30,39,SATURDAY,7
2017-10-01,2017,4,10,40,2017,Q4,10,OCT,1,40,SUNDAY,1
2017-10-02,2017,4,10,40,2017,Q4,10,OCT,2,40,MONDAY,2
2017-10-03,2017,4,10,40,2017,Q4,10,OCT,3,40,TUESDAY,3
2017-10-04,2017,4,10,40,2017,Q4,10,OCT,4,40,WEDNESDAY,4
2017-10-05,2017,4,10,40,2017,Q4,10,OCT,5,40,THURSDAY,5
2017-10-06,2017,4,10,40,2017,Q4,10,OCT,6,40,FRIDAY,6
2017-10-07,2017,4,10,40,2017,Q4,10,OCT,7,40,SATURDAY,7
2017-10-08,2017,4,10,41,2017,Q4,10,OCT,8,41,SUNDAY,1
2017-10-09,2017,4,10,41,2017,Q4,10,OCT,9,41,MONDAY,2
2017-10-10,2017,4,10,41,2017,Q4,10,OCT,10,41,TUESDAY,3
2017-10-11,2017,4,10,41,2017,Q4,10,OCT,11,41,WEDNESDAY,4
2017-10-12,2017,4,10,41,2017,Q4,10,OCT,12,41,THURSDAY,5
2017-10-13,2017,4,10,41,2017,Q4,10,OCT,13,41,FRIDAY,6
2017-10-14,2017,4,10,41,2017,Q4,10,OCT,14,41,SATURDAY,7
2017-10-15,2017,4,10,42,2017,Q4,10,OCT,15,42,SUNDAY,1
2017-10-16,2017,4,10,42,2017,Q4,10,OCT,16,42,MONDAY,2
2017-10-17,2017,4,10,42,2017,Q4,10,OCT,17,42,TUESDAY,3
2017-10-18,2017,4,10,42,2017,Q4,10,OCT,18,42,WEDNESDAY,4
2017-10-19,2017,4,10,42,2017,Q4,10,OCT,19,42,THURSDAY,5
2017-10-20,2017,4,10,42,2017,Q4,10,OCT,20,42,FRIDAY,6
2017-10-21,2017,4,10,42,2017,Q4,10,OCT,21,42,SATURDAY,7
2017-10-22,2017,4,10,43,2017,Q4,10,OCT,22,43,SUNDAY,1
2017-10-23,2017,4,10,43,2017,Q4,10,OCT,23,43,MONDAY,2
2017-10-24,2017,4,10,43,2017,Q4,10,OCT,24,43,TUESDAY,3
2017-10-25,2017,4,10,43,2017,Q4,10,OCT,25,43,WEDNESDAY,4
2017-10-26,2017,4,10,43,2017,Q4,10,OCT,26,43,THURSDAY,5
2017-10-27,2017,4,10,43,2017,Q4,10,OCT,27,43,FRIDAY,6
2017-10-28,2017,4,10,43,2017,Q4,10,OCT,28,43,SATURDAY,7
2017-10-29,2017,4,11,44,2017,Q4,10,OCT,29,44,SUNDAY,1
2017-10-30,2017,4,11,44,2017,Q4,10,OCT,30,44,MONDAY,2
2017-10-31,2017,4,11,44,2017,Q4,10,OCT,31,44,TUESDAY,3
2017-11-01,2017,4,11,44,2017,Q4,11,NOV,1,44,WEDNESDAY,4
2017-11-02,2017,4,11,44,2017,Q4,11,NOV,2,44,THURSDAY,5
2017-11-03,2017,4,11,44,2017,Q4,11,NOV,3,44,FRIDAY,6
2017-11-04,2017,4,11,44,2017,Q4,11,NOV,4,44,SATURDAY,7
2017-11-05,2017,4,11,45,2017,Q4,11,NOV,5,45,SUNDAY,1
2017-11-06,2017,4,11,45,2017,Q4,11,NOV,6,45,MONDAY,2
2017-11-07,2017,4,11,45,2017,Q4,11,NOV,7,45,TUESDAY,3
2017-11-08,2017,4,11,45,2017,Q4,11,NOV,8,45,WEDNESDAY,4
2017-11-09,2017,4,11,45,2017,Q4,11,NOV,9,45,THURSDAY,5
2017-11-10,2017,4,11,45,2017,Q4,11,NOV,10,45,FRIDAY,6
2017-11-11,2017,4,11,45,2017,Q4,11,NOV,11,45,SATURDAY,7
2017-11-12,2017,4,11,46,2017,Q4,11,NOV,12,46,SUNDAY,1
2017-11-13,2017,4,11,46,2017,Q4,11,NOV,13,46,MONDAY,2
2017-11-14,2017,4,11,46,2017,Q4,11,NOV,14,46,TUESDAY,3
2017-11-15,2017,4,11,46,2017,Q4,11,NOV,15,46,WEDNESDAY,4
2017-11-16,2017,4,11,46,2017,Q4,11,NOV,16,46,THURSDAY,5
2017-11-17,2017,4,11,46,2017,Q4,11,NOV,17,46,FRIDAY,6
2017-11-18,2017,4,11,46,2017,Q4,11,NOV,18,46,SATURDAY,7
2017-11-19,2017,4,11,47,2017,Q4,11,NOV,19,47,SUNDAY,1
2017-11-20,2017,4,11,47,2017,Q4,11,NOV,20,47,MONDAY,2
2017-11-21,2017,4,11,47,2017,Q4,11,NOV,21,47,TUESDAY,3
2017-11-22,2017,4,11,47,2017,Q4,11,NOV,22,47,WEDNESDAY,4
2017-11-23,2017,4,11,47,2017,Q4,11,NOV,23,47,THURSDAY,5
2017-11-24,2017,4,11,47,2017,Q4,11,NOV,24,47,FRIDAY,6
2017-11-25,2017,4,11,47,2017,Q4,11,NOV,25,47,SATURDAY,7
2017-11-26,2017,4,11,48,2017,Q4,11,NOV,26,48,SUNDAY,1
2017-11-27,2017,4,11,48,2017,Q4,11,NOV,27,48,MONDAY,2
2017-11-28,2017,4,11,48,2017,Q4,11,NOV,28,48,TUESDAY,3
2017-11-29,2017,4,11,48,2017,Q4,11,NOV,29,48,WEDNESDAY,4
2017-11-30,2017,4,11,48,2017,Q4,11,NOV,30,48,THURSDAY,5
2017-12-01,2017,4,11,48,2017,Q4,12,DEC,1,48,FRIDAY,6
2017-12-02,2017,4,11,48,2017,Q4,12,DEC,2,48,SATURDAY,7
2017-12-03,2017,4,12,49,2017,Q4,12,DEC,3,49,SUNDAY,1
2017-12-04,2017,4,12,49,2017,Q4,12,DEC,4,49,MONDAY,2
2017-12-05,2017,4,12,49,2017,Q4,12,DEC,5,49,TUESDAY,3
2017-12-06,2017,4,12,49,2017,Q4,12,DEC,6,49,WEDNESDAY,4
2017-12-07,2017,4,12,49,2017,Q4,12,DEC,7,49,THURSDAY,5
2017-12-08,2017,4,12,49,2017,Q4,12,DEC,8,49,FRIDAY,6
2017-12-09,2017,4,12,49,2017,Q4,12,DEC,9,49,SATURDAY,7
2017-12-10,2017,4,12,50,2017,Q4,12,DEC,10,50,SUNDAY,1
2017-12-11,2017,4,12,50,2017,Q4,12,DEC,11,50,MONDAY,2
2017-12-12,2017,4,12,50,2017,Q4,12,DEC,12,50,TUESDAY,3
2017-12-13,2017,4,12,50,2017,Q4,12,DEC,13,50,WEDNESDAY,4
2017-12-14,2017,4,12,50,2017,Q4,12,DEC,14,50,THURSDAY,5
2017-12-15,2017,4,12,50,2017,Q4,12,DEC,15,50,FRIDAY,6
2017-12-16,2017,4,12,50,2017,Q4,12,DEC,16,50,SATURDAY,7
2017-12-17,2017,4,12,51,2017,Q4,12,DEC,17,51,SUNDAY,1
2017-12-18,2017,4,12,51,2017,Q4,12,DEC,18,51,MONDAY,2
2017-12-19,2017,4,12,51,2017,Q4,12,DEC,19,51,TUESDAY,3
2017-12-20,2017,4,12,51,2017,Q4,12,DEC,20,51,WEDNESDAY,4
2017-12-21,2017,4,12,51,2017,Q4,12,DEC,21,51,THURSDAY,5
2017-12-22,2017,4,12,51,2017,Q4,12,DEC,22,51,FRIDAY,6
2017-12-23,2017,4,12,51,2017,Q4,12,DEC,23,51,SATURDAY,7
2017-12-24,2017,4,12,52,2017,Q4,12,DEC,24,52,SUNDAY,1
2017-12-25,2017,4,12,52,2017,Q4,12,DEC,25,52,MONDAY,2
2017-12-26,2017,4,12,52,2017,Q4,12,DEC,26,52,TUESDAY,3
2017-12-27,2017,4,12,52,2017,Q4,12,DEC,27,52,WEDNESDAY,4
2017-12-28,2017,4,12,52,2017,Q4,12,DEC,28,52,THURSDAY,5
2017-12-29,2017,4,12,52,2017,Q4,12,DEC,29,52,FRIDAY,6
2017-12-30,2017,4,12,52,2017,Q4,12,DEC,30,52,SATURDAY,7
2017-12-31,2018,1,1,1,2017,Q4,12,DEC,31,53,SUNDAY,1